0.0,0.0,0.0,0.0,0.0,0.0,0.0,0.0,0.3,0.3,0.3,0.3,0.3,0.3,0.3,0.3,0.0,0.0,0.0,0.0,0.0,0.0,0.0,0.0,0.3,0.3,0.3,0.0,0.0,0.0,0.3,0.3,0.0,0.0,0.3,0.3,0.0,0.0,0.0,0.0,0.0,0.0,0.0,0.0,0.0,0.3,0.3,0.0,0.0,0.0,0.0,0.0,0.0,0.3,0.3,0.0,0.0,0.3,0.3,0.0,0.0,0.3,0.3,0.0,0.0,0.0,0.0,0.0,0.0,0.0,0.0,0.3,0.3,0.0,0.0,0.0,0.0,0.3,0.3,0.3,0.3,0.3,0.3,0.0,0.0,0.3,0.3,0.0,0.0,0.3,0.3,0.0,0.0,0.3,0.3,0.0,0.0,0.3,0.3,0.0,0.0,0.3,0.3,0.3,0.3,0.3,0.3,0.0,0.0,0.0,0.0,0.3,0.3,0.0,0.0,0.3,0.3,0.0,0.0,0.0,0.0,0.3,0.3,0.0,0.0,0.0,0.0,0.0,0.0,0.0,0.0,0.0,0.0,0.0,0.0,0.0,0.0,0.0,0.0,0.3,0.3,0.0,0.0,0.0,0.0
0.0,0.0,0.0,0.0,0.0,0.0,0.0,0.0,0.7,0.7,0.7,0.7,0.3,0.3,0.3,0.3,0.0,0.0,0.0,0.0,0.0,0.0,0.0,0.0,1.7000000000000002,1.7000000000000002,1.7000000000000002,0.0,0.0,0.0,0.3,0.3,0.0,0.0,0.3,0.3,0.0,0.0,0.0,0.0,0.0,0.0,0.0,0.0,0.0,0.3,0.3,0.0,0.0,0.0,0.0,0.0,0.0,2.1,2.1,0.0,0.0,2.1,2.1,0.0,0.0,1.6666666666666667,1.6666666666666667,0.0,0.0,0.0,0.0,0.0,0.0,0.0,0.0,0.3,0.3,0.0,0.0,0.0,0.0,1.0,1.0,0.3,0.3,2.1,2.1,0.0,0.0,1.5000000000000002,1.5000000000000002,0.0,0.0,0.3,0.3,0.0,0.0,2.1,2.1,0.0,0.0,0.75,0.75,0.0,0.0,1.009090909090909,1.009090909090909,0.3,0.3,1.2,1.2,0.0,0.0,0.0,0.0,0.3,0.3,0.0,0.0,0.3,0.3,0.0,0.0,0.0,0.0,0.3,0.3,0.0,0.0,0.0,0.0,0.0,0.0,0.0,0.0,0.0,0.0,0.0,0.0,0.0,0.0,0.0,0.0,1.7000000000000002,1.7000000000000002,0.0,0.0,0.0,0.0
0.0,0.0,0.0,0.0,0.0,0.0,0.0,0.0,1.75,1.75,1.75,1.75,2.3,2.3,2.3,2.3,0.0,0.0,0.0,0.0,0.0,0.0,0.0,0.0,3.833333333333334,3.833333333333334,3.833333333333334,0.0,0.0,0.0,0.3,0.3,0.0,0.0,0.3,0.3,0.0,0.0,0.0,0.0,0.0,0.0,0.0,0.0,0.0,0.3,0.3,0.0,0.0,0.0,0.0,0.0,0.0,3.8,3.8,0.0,0.0,2.1,2.1,0.0,0.0,3.0166666666666666,3.0166666666666666,0.0,0.0,0.0,0.0,0.0,0.0,0.0,0.0,3.7,3.7,0.0,0.0,0.0,0.0,3.6,3.6,2.2,2.2,3.833333333333333,3.833333333333333,0.0,0.0,3.248571428571428,3.248571428571428,0.0,0.0,1.0,1.0,0.0,0.0,2.1,2.1,0.0,0.0,2.4499999999999997,2.4499999999999997,0.0,0.0,2.396103896103896,2.396103896103896,0.3,0.3,1.2,1.2,0.0,0.0,0.0,0.0,0.3,0.3,0.0,0.0,0.3,0.3,0.0,0.0,0.0,0.0,1.5666666666666667,1.5666666666666667,0.0,0.0,0.0,0.0,0.0,0.0,0.0,0.0,0.0,0.0,0.0,0.0,0.0,0.0,0.0,0.0,3.9,3.9,0.0,0.0,0.0,0.0
0.0,0.0,0.0,0.0,0.0,0.0,0.0,0.0,2.025,2.025,2.025,2.025,3.0999999999999996,3.0999999999999996,3.0999999999999996,3.0999999999999996,0.0,0.0,0.0,0.0,0.0,0.0,0.0,0.0,3.9,3.9,3.9,0.0,0.0,0.0,1.3,1.3,0.0,0.0,2.5,2.5,0.0,0.0,0.0,0.0,0.0,0.0,0.0,0.0,0.0,1.3,1.3,0.0,0.0,0.0,0.0,0.0,0.0,2.5,2.5,0.0,0.0,1.3,1.3,0.0,0.0,3.3833333333333333,3.3833333333333333,0.0,0.0,0.0,0.0,0.0,0.0,0.0,0.0,3.5,3.5,0.0,0.0,0.0,0.0,4.0,4.0,3.2,3.2,2.966666666666667,2.966666666666667,0.0,0.0,3.2199999999999998,3.2199999999999998,0.0,0.0,1.3,1.3,0.0,0.0,1.7000000000000002,1.7000000000000002,0.0,0.0,2.1333333333333333,2.1333333333333333,0.0,0.0,2.3857142857142857,2.3857142857142857,0.3,0.3,1.9000000000000001,1.9000000000000001,0.0,0.0,0.0,0.0,0.3,0.3,0.0,0.0,0.3,0.3,0.0,0.0,0.0,0.0,2.5,2.5,0.0,0.0,0.0,0.0,0.0,0.0,0.0,0.0,0.0,0.0,0.0,0.0,0.0,0.0,0.0,0.0,3.8,3.8,0.0,0.0,0.0,0.0
0.0,0.0,0.0,0.0,0.0,0.0,0.0,0.0,1.8083333333333336,1.8083333333333336,1.8083333333333336,1.8083333333333336,7.6,7.6,7.6,7.6,0.0,0.0,0.0,0.0,0.0,0.0,0.0,0.0,3.6333333333333333,3.6333333333333333,3.6333333333333333,0.0,0.0,0.0,2.1,2.1,0.0,0.0,2.1,2.1,0.0,0.0,0.0,0.0,0.0,0.0,0.0,0.0,0.0,2.1,2.1,0.0,0.0,0.0,0.0,0.0,0.0,2.3,2.3,0.0,0.0,9.1,9.1,0.0,0.0,3.5,3.5,0.0,0.0,0.0,0.0,0.0,0.0,0.0,0.0,3.9,3.9,0.0,0.0,0.0,0.0,3.9,3.9,3.4000000000000004,3.4000000000000004,3.7666666666666666,3.7666666666666666,0.0,0.0,3.1914285714285713,3.1914285714285713,0.0,0.0,3.0999999999999996,3.0999999999999996,0.0,0.0,2.1,2.1,0.0,0.0,2.55,2.55,0.0,0.0,2.616883116883117,2.616883116883117,0.3,0.3,2.1,2.1,0.0,0.0,0.0,0.0,0.3,0.3,0.0,0.0,0.3,0.3,0.0,0.0,0.0,0.0,157.6,157.6,0.0,0.0,0.0,0.0,0.0,0.0,0.0,0.0,0.0,0.0,0.0,0.0,0.0,0.0,0.0,0.0,3.4,3.4,0.0,0.0,0.0,0.0
0.0,0.0,0.0,0.0,0.0,0.0,0.0,0.0,0.3,0.3,0.3,0.3,0.3,0.3,0.3,0.3,0.0,0.0,0.0,0.0,0.0,0.0,0.0,0.0,0.3,0.3,0.3,0.0,0.0,0.0,0.3,0.3,0.0,0.0,0.3,0.3,0.0,0.0,0.0,0.0,0.0,0.0,0.0,0.0,0.0,0.3,0.3,0.0,0.0,0.0,0.0,0.0,0.0,0.3,0.3,0.0,0.0,0.3,0.3,0.0,0.0,0.8,0.8,0.0,0.0,0.0,0.0,0.0,0.0,0.0,0.0,0.3,0.3,0.0,0.0,0.0,0.0,0.3,0.3,0.3,0.3,0.3,0.3,0.0,0.0,0.3,0.3,0.0,0.0,0.3,0.3,0.0,0.0,0.3,0.3,0.0,0.0,0.3,0.3,0.0,0.0,0.3,0.3,0.3,0.3,0.3,0.3,0.0,0.0,0.0,0.0,0.3,0.3,0.0,0.0,0.3,0.3,0.0,0.0,0.0,0.0,0.3,0.3,0.0,0.0,0.0,0.0,0.0,0.0,0.0,0.0,0.0,0.0,0.0,0.0,0.0,0.0,0.0,0.0,0.3,0.3,0.0,0.0,0.0,0.0
0.0,0.0,0.0,0.0,0.0,0.0,0.0,0.0,1.5666666666666667,1.5666666666666667,1.5666666666666667,1.5666666666666667,1.9000000000000001,1.9000000000000001,1.9000000000000001,1.9000000000000001,0.0,0.0,0.0,0.0,0.0,0.0,0.0,0.0,3.7,3.7,3.7,0.0,0.0,0.0,0.3,0.3,0.0,0.0,0.3,0.3,0.0,0.0,0.0,0.0,0.0,0.0,0.0,0.0,0.0,0.3,0.3,0.0,0.0,0.0,0.0,0.0,0.0,1.1,1.1,0.0,0.0,1.7000000000000002,1.7000000000000002,0.0,0.0,2.75,2.75,0.0,0.0,0.0,0.0,0.0,0.0,0.0,0.0,3.3,3.3,0.0,0.0,0.0,0.0,3.5,3.5,2.1,2.1,2.033333333333333,2.033333333333333,0.0,0.0,2.06,2.06,0.0,0.0,1.2,1.2,0.0,0.0,1.7000000000000002,1.7000000000000002,0.0,0.0,2.5166666666666666,2.5166666666666666,0.0,0.0,1.9909090909090912,1.9909090909090912,0.3,0.3,0.3,0.3,0.0,0.0,0.0,0.0,0.3,0.3,0.0,0.0,0.3,0.3,0.0,0.0,0.0,0.0,0.8333333333333333,0.8333333333333333,0.0,0.0,0.0,0.0,0.0,0.0,0.0,0.0,0.0,0.0,0.0,0.0,0.0,0.0,0.0,0.0,1.1,1.1,0.0,0.0,0.0,0.0
0.0,0.0,0.0,0.0,0.0,0.0,0.0,0.0,1.5666666666666667,1.5666666666666667,1.5666666666666667,1.5666666666666667,2.1,2.1,2.1,2.1,0.0,0.0,0.0,0.0,0.0,0.0,0.0,0.0,1.5000000000000002,1.5000000000000002,1.5000000000000002,0.0,0.0,0.0,2.1,2.1,0.0,0.0,0.3,0.3,0.0,0.0,0.0,0.0,0.0,0.0,0.0,0.0,0.0,0.3,0.3,0.0,0.0,0.0,0.0,0.0,0.0,0.3,0.3,0.0,0.0,0.3,0.3,0.0,0.0,0.75,0.75,0.0,0.0,0.0,0.0,0.0,0.0,0.0,0.0,0.3,0.3,0.0,0.0,0.0,0.0,1.2,1.2,2.1,2.1,1.5000000000000002,1.5000000000000002,0.0,0.0,1.1,1.1,0.0,0.0,1.3,1.3,0.0,0.0,0.3,0.3,0.0,0.0,0.9000000000000001,0.9000000000000001,0.0,0.0,1.3571428571428572,1.3571428571428572,0.3,0.3,0.3,0.3,0.0,0.0,0.0,0.0,2.1,2.1,0.0,0.0,2.1,2.1,0.0,0.0,0.0,0.0,1.5000000000000002,1.5000000000000002,0.0,0.0,0.0,0.0,0.0,0.0,0.0,0.0,0.0,0.0,0.0,0.0,0.0,0.0,0.0,0.0,1.2,1.2,0.0,0.0,0.0,0.0
0.0,0.0,0.0,0.0,0.0,0.0,0.0,0.0,1.6416666666666668,1.6416666666666668,1.6416666666666668,1.6416666666666668,2.9,2.9,2.9,2.9,0.0,0.0,0.0,0.0,0.0,0.0,0.0,0.0,8.166666666666666,8.166666666666666,8.166666666666666,0.0,0.0,0.0,1.3,1.3,0.0,0.0,1.3,1.3,0.0,0.0,0.0,0.0,0.0,0.0,0.0,0.0,0.0,1.3,1.3,0.0,0.0,0.0,0.0,0.0,0.0,1.2,1.2,0.0,0.0,3.3,3.3,0.0,0.0,2.9333333333333336,2.9333333333333336,0.0,0.0,0.0,0.0,0.0,0.0,0.0,0.0,3.3,3.3,0.0,0.0,0.0,0.0,3.5,3.5,3.0999999999999996,3.0999999999999996,3.5,3.5,0.0,0.0,2.934285714285714,2.934285714285714,0.0,0.0,2.1999999999999997,2.1999999999999997,0.0,0.0,1.7000000000000002,1.7000000000000002,0.0,0.0,2.433333333333333,2.433333333333333,0.0,0.0,2.2844155844155845,2.2844155844155845,0.3,0.3,1.5000000000000002,1.5000000000000002,0.0,0.0,0.0,0.0,0.3,0.3,0.0,0.0,0.3,0.3,0.0,0.0,0.0,0.0,2.3,2.3,0.0,0.0,0.0,0.0,0.0,0.0,0.0,0.0,0.0,0.0,0.0,0.0,0.0,0.0,0.0,0.0,3.3,3.3,0.0,0.0,0.0,0.0
0.0,0.0,0.0,0.0,0.0,0.0,0.0,0.0,0.3,0.3,0.3,0.3,0.3,0.3,0.3,0.3,0.0,0.0,0.0,0.0,0.0,0.0,0.0,0.0,0.3,0.3,0.3,0.0,0.0,0.0,0.3,0.3,0.0,0.0,0.3,0.3,0.0,0.0,0.0,0.0,0.0,0.0,0.0,0.0,0.0,0.3,0.3,0.0,0.0,0.0,0.0,0.0,0.0,0.3,0.3,0.0,0.0,0.3,0.3,0.0,0.0,0.3,0.3,0.0,0.0,0.0,0.0,0.0,0.0,0.0,0.0,0.3,0.3,0.0,0.0,0.0,0.0,0.3,0.3,0.3,0.3,0.3,0.3,0.0,0.0,0.3,0.3,0.0,0.0,0.3,0.3,0.0,0.0,0.3,0.3,0.0,0.0,0.3,0.3,0.0,0.0,0.3,0.3,0.3,0.3,0.3,0.3,0.0,0.0,0.0,0.0,0.3,0.3,0.0,0.0,0.3,0.3,0.0,0.0,0.0,0.0,0.3,0.3,0.0,0.0,0.0,0.0,0.0,0.0,0.0,0.0,0.0,0.0,0.0,0.0,0.0,0.0,0.0,0.0,0.3,0.3,0.0,0.0,0.0,0.0
0.0,0.0,0.0,0.0,0.0,0.0,0.0,0.0,1.4000000000000001,1.4000000000000001,1.4000000000000001,1.4000000000000001,2.3,2.3,2.3,2.3,0.0,0.0,0.0,0.0,0.0,0.0,0.0,0.0,3.5,3.5,3.5,0.0,0.0,0.0,0.3,0.3,0.0,0.0,0.3,0.3,0.0,0.0,0.0,0.0,0.0,0.0,0.0,0.0,0.0,0.3,0.3,0.0,0.0,0.0,0.0,0.0,0.0,1.1,1.1,0.0,0.0,2.3,2.3,0.0,0.0,2.466666666666667,2.466666666666667,0.0,0.0,0.0,0.0,0.0,0.0,0.0,0.0,3.0999999999999996,3.0999999999999996,0.0,0.0,0.0,0.0,3.2,3.2,2.2,2.2,2.1,2.1,0.0,0.0,2.6257142857142854,2.6257142857142854,0.0,0.0,1.1,1.1,0.0,0.0,1.3,1.3,0.0,0.0,1.5000000000000002,1.5000000000000002,0.0,0.0,1.881818181818182,1.881818181818182,0.3,0.3,0.3,0.3,0.0,0.0,0.0,0.0,0.3,0.3,0.0,0.0,0.3,0.3,0.0,0.0,0.0,0.0,0.9666666666666668,0.9666666666666668,0.0,0.0,0.0,0.0,0.0,0.0,0.0,0.0,0.0,0.0,0.0,0.0,0.0,0.0,0.0,0.0,2.5,2.5,0.0,0.0,0.0,0.0
0.0,0.0,0.0,0.0,0.0,0.0,0.0,0.0,1.55,1.55,1.55,1.55,2.1,2.1,2.1,2.1,0.0,0.0,0.0,0.0,0.0,0.0,0.0,0.0,339.4333333333333,339.4333333333333,339.4333333333333,0.0,0.0,0.0,0.3,0.3,0.0,0.0,0.3,0.3,0.0,0.0,0.0,0.0,0.0,0.0,0.0,0.0,0.0,0.3,0.3,0.0,0.0,0.0,0.0,0.0,0.0,3.5,3.5,0.0,0.0,1.7000000000000002,1.7000000000000002,0.0,0.0,3.3,3.3,0.0,0.0,0.0,0.0,0.0,0.0,0.0,0.0,3.9,3.9,0.0,0.0,0.0,0.0,3.8,3.8,2.1,2.1,3.566666666666667,3.566666666666667,0.0,0.0,3.4542857142857137,3.4542857142857137,0.0,0.0,0.3,0.3,0.0,0.0,1.3,1.3,0.0,0.0,1.8000000000000003,1.8000000000000003,0.0,0.0,2.3233766233766233,2.3233766233766233,0.3,0.3,1.0,1.0,0.0,0.0,0.0,0.0,0.3,0.3,0.0,0.0,0.3,0.3,0.0,0.0,0.0,0.0,1.4333333333333336,1.4333333333333336,0.0,0.0,0.0,0.0,0.0,0.0,0.0,0.0,0.0,0.0,0.0,0.0,0.0,0.0,0.0,0.0,3.7,3.7,0.0,0.0,0.0,0.0
0.0,0.0,0.0,0.0,0.0,0.0,0.0,0.0,0.3,0.3,0.3,0.3,0.3,0.3,0.3,0.3,0.0,0.0,0.0,0.0,0.0,0.0,0.0,0.0,0.3,0.3,0.3,0.0,0.0,0.0,0.3,0.3,0.0,0.0,0.3,0.3,0.0,0.0,0.0,0.0,0.0,0.0,0.0,0.0,0.0,0.3,0.3,0.0,0.0,0.0,0.0,0.0,0.0,0.3,0.3,0.0,0.0,0.3,0.3,0.0,0.0,0.8,0.8,0.0,0.0,0.0,0.0,0.0,0.0,0.0,0.0,0.3,0.3,0.0,0.0,0.0,0.0,0.3,0.3,0.3,0.3,0.3,0.3,0.0,0.0,0.3,0.3,0.0,0.0,0.3,0.3,0.0,0.0,0.3,0.3,0.0,0.0,0.3,0.3,0.0,0.0,0.3,0.3,0.3,0.3,0.3,0.3,0.0,0.0,0.0,0.0,0.3,0.3,0.0,0.0,0.3,0.3,0.0,0.0,0.0,0.0,0.3,0.3,0.0,0.0,0.0,0.0,0.0,0.0,0.0,0.0,0.0,0.0,0.0,0.0,0.0,0.0,0.0,0.0,0.3,0.3,0.0,0.0,0.0,0.0
0.0,0.0,0.0,0.0,0.0,0.0,0.0,0.0,0.3,0.3,0.3,0.3,0.3,0.3,0.3,0.3,0.0,0.0,0.0,0.0,0.0,0.0,0.0,0.0,0.3,0.3,0.3,0.0,0.0,0.0,0.3,0.3,0.0,0.0,0.3,0.3,0.0,0.0,0.0,0.0,0.0,0.0,0.0,0.0,0.0,0.3,0.3,0.0,0.0,0.0,0.0,0.0,0.0,0.3,0.3,0.0,0.0,337.79999999999995,337.79999999999995,0.0,0.0,0.3,0.3,0.0,0.0,0.0,0.0,0.0,0.0,0.0,0.0,0.3,0.3,0.0,0.0,0.0,0.0,0.3,0.3,0.3,0.3,0.3,0.3,0.0,0.0,0.3,0.3,0.0,0.0,0.3,0.3,0.0,0.0,0.3,0.3,0.0,0.0,0.3,0.3,0.0,0.0,0.3,0.3,0.3,0.3,0.3,0.3,0.0,0.0,0.0,0.0,0.3,0.3,0.0,0.0,0.3,0.3,0.0,0.0,0.0,0.0,0.3,0.3,0.0,0.0,0.0,0.0,0.0,0.0,0.0,0.0,0.0,0.0,0.0,0.0,0.0,0.0,0.0,0.0,0.3,0.3,0.0,0.0,0.0,0.0
0.0,0.0,0.0,0.0,0.0,0.0,0.0,0.0,1.8166666666666667,1.8166666666666667,1.8166666666666667,1.8166666666666667,2.3,2.3,2.3,2.3,0.0,0.0,0.0,0.0,0.0,0.0,0.0,0.0,3.5666666666666664,3.5666666666666664,3.5666666666666664,0.0,0.0,0.0,0.3,0.3,0.0,0.0,1.1,1.1,0.0,0.0,0.0,0.0,0.0,0.0,0.0,0.0,0.0,0.3,0.3,0.0,0.0,0.0,0.0,0.0,0.0,1.1,1.1,0.0,0.0,0.3,0.3,0.0,0.0,3.4,3.4,0.0,0.0,0.0,0.0,0.0,0.0,0.0,0.0,3.1,3.1,0.0,0.0,0.0,0.0,3.6,3.6,2.1,2.1,1.966666666666667,1.966666666666667,0.0,0.0,2.7228571428571433,2.7228571428571433,0.0,0.0,0.3,0.3,0.0,0.0,2.1,2.1,0.0,0.0,0.9333333333333333,0.9333333333333333,0.0,0.0,2.1025974025974024,2.1025974025974024,0.3,0.3,0.7,0.7,0.0,0.0,0.0,0.0,0.3,0.3,0.0,0.0,0.3,0.3,0.0,0.0,0.0,0.0,1.5000000000000002,1.5000000000000002,0.0,0.0,0.0,0.0,0.0,0.0,0.0,0.0,0.0,0.0,0.0,0.0,0.0,0.0,0.0,0.0,3.3,3.3,0.0,0.0,0.0,0.0
0.0,0.0,0.0,0.0,0.0,0.0,0.0,0.0,1.3416666666666668,1.3416666666666668,1.3416666666666668,1.3416666666666668,2.3,2.3,2.3,2.3,0.0,0.0,0.0,0.0,0.0,0.0,0.0,0.0,3.4333333333333336,3.4333333333333336,3.4333333333333336,0.0,0.0,0.0,0.3,0.3,0.0,0.0,0.3,0.3,0.0,0.0,0.0,0.0,0.0,0.0,0.0,0.0,0.0,0.3,0.3,0.0,0.0,0.0,0.0,0.0,0.0,2.5,2.5,0.0,0.0,1.7000000000000002,1.7000000000000002,0.0,0.0,3.45,3.45,0.0,0.0,0.0,0.0,0.0,0.0,0.0,0.0,3.3,3.3,0.0,0.0,0.0,0.0,3.3,3.3,2.1,2.1,3.5,3.5,0.0,0.0,2.8485714285714288,2.8485714285714288,0.0,0.0,1.1,1.1,0.0,0.0,0.3,0.3,0.0,0.0,1.616666666666667,1.616666666666667,0.0,0.0,2.22987012987013,2.22987012987013,0.3,0.3,1.0,1.0,0.0,0.0,0.0,0.0,0.3,0.3,0.0,0.0,0.3,0.3,0.0,0.0,0.0,0.0,1.4333333333333336,1.4333333333333336,0.0,0.0,0.0,0.0,0.0,0.0,0.0,0.0,0.0,0.0,0.0,0.0,0.0,0.0,0.0,0.0,3.2,3.2,0.0,0.0,0.0,0.0
0.0,0.0,0.0,0.0,0.0,0.0,0.0,0.0,0.3,0.3,0.3,0.3,0.3,0.3,0.3,0.3,0.0,0.0,0.0,0.0,0.0,0.0,0.0,0.0,0.3,0.3,0.3,0.0,0.0,0.0,0.3,0.3,0.0,0.0,0.3,0.3,0.0,0.0,0.0,0.0,0.0,0.0,0.0,0.0,0.0,0.3,0.3,0.0,0.0,0.0,0.0,0.0,0.0,0.3,0.3,0.0,0.0,0.3,0.3,0.0,0.0,0.3,0.3,0.0,0.0,0.0,0.0,0.0,0.0,0.0,0.0,0.3,0.3,0.0,0.0,0.0,0.0,0.3,0.3,0.3,0.3,0.3,0.3,0.0,0.0,0.3,0.3,0.0,0.0,0.3,0.3,0.0,0.0,0.3,0.3,0.0,0.0,0.3,0.3,0.0,0.0,0.3,0.3,0.3,0.3,0.3,0.3,0.0,0.0,0.0,0.0,0.3,0.3,0.0,0.0,0.3,0.3,0.0,0.0,0.0,0.0,0.3,0.3,0.0,0.0,0.0,0.0,0.0,0.0,0.0,0.0,0.0,0.0,0.0,0.0,0.0,0.0,0.0,0.0,0.3,0.3,0.0,0.0,0.0,0.0
0.0,0.0,0.0,0.0,0.0,0.0,0.0,0.0,337.13333333333327,337.13333333333327,337.13333333333327,337.13333333333327,2.1,2.1,2.1,2.1,0.0,0.0,0.0,0.0,0.0,0.0,0.0,0.0,1.3666666666666667,1.3666666666666667,1.3666666666666667,0.0,0.0,0.0,0.3,0.3,0.0,0.0,0.3,0.3,0.0,0.0,0.0,0.0,0.0,0.0,0.0,0.0,0.0,0.3,0.3,0.0,0.0,0.0,0.0,0.0,0.0,0.3,0.3,0.0,0.0,0.3,0.3,0.0,0.0,0.7,0.7,0.0,0.0,0.0,0.0,0.0,0.0,0.0,0.0,0.3,0.3,0.0,0.0,0.0,0.0,1.1,1.1,1.9000000000000001,1.9000000000000001,1.4333333333333336,1.4333333333333336,0.0,0.0,1.0142857142857145,1.0142857142857145,0.0,0.0,0.3,0.3,0.0,0.0,0.3,0.3,0.0,0.0,0.5666666666666667,0.5666666666666667,0.0,0.0,1.2714285714285714,1.2714285714285714,0.3,0.3,0.3,0.3,0.0,0.0,0.0,0.0,0.3,0.3,0.0,0.0,0.3,0.3,0.0,0.0,0.0,0.0,1.3666666666666667,1.3666666666666667,0.0,0.0,0.0,0.0,0.0,0.0,0.0,0.0,0.0,0.0,0.0,0.0,0.0,0.0,0.0,0.0,1.0,1.0,0.0,0.0,0.0,0.0
0.0,0.0,0.0,0.0,0.0,0.0,0.0,0.0,1.8416666666666668,1.8416666666666668,1.8416666666666668,1.8416666666666668,3.3,3.3,3.3,3.3,0.0,0.0,0.0,0.0,0.0,0.0,0.0,0.0,3.9,3.9,3.9,0.0,0.0,0.0,2.1,2.1,0.0,0.0,2.1,2.1,0.0,0.0,0.0,0.0,0.0,0.0,0.0,0.0,0.0,2.1,2.1,0.0,0.0,0.0,0.0,0.0,0.0,3.8,3.8,0.0,0.0,2.1,2.1,0.0,0.0,3.316666666666667,3.316666666666667,0.0,0.0,0.0,0.0,0.0,0.0,0.0,0.0,4.1,4.1,0.0,0.0,0.0,0.0,3.8,3.8,3.0999999999999996,3.0999999999999996,3.833333333333333,3.833333333333333,0.0,0.0,3.3057142857142856,3.3057142857142856,0.0,0.0,2.1,2.1,0.0,0.0,2.1,2.1,0.0,0.0,2.8,2.8,0.0,0.0,2.538961038961039,2.538961038961039,0.3,0.3,2.1,2.1,0.0,0.0,0.0,0.0,0.3,0.3,0.0,0.0,0.3,0.3,0.0,0.0,0.0,0.0,2.5666666666666664,2.5666666666666664,0.0,0.0,0.0,0.0,0.0,0.0,0.0,0.0,0.0,0.0,0.0,0.0,0.0,0.0,0.0,0.0,3.9,3.9,0.0,0.0,0.0,0.0
0.0,0.0,0.0,0.0,0.0,0.0,0.0,0.0,1.2,1.2,1.2,1.2,1.7000000000000002,1.7000000000000002,1.7000000000000002,1.7000000000000002,0.0,0.0,0.0,0.0,0.0,0.0,0.0,0.0,1.966666666666667,1.966666666666667,1.966666666666667,0.0,0.0,0.0,0.3,0.3,0.0,0.0,0.3,0.3,0.0,0.0,0.0,0.0,0.0,0.0,0.0,0.0,0.0,0.3,0.3,0.0,0.0,0.0,0.0,0.0,0.0,1.9000000000000001,1.9000000000000001,0.0,0.0,0.3,0.3,0.0,0.0,1.5000000000000002,1.5000000000000002,0.0,0.0,0.0,0.0,0.0,0.0,0.0,0.0,1.7000000000000002,1.7000000000000002,0.0,0.0,0.0,0.0,1.9000000000000001,1.9000000000000001,2.0,2.0,1.966666666666667,1.966666666666667,0.0,0.0,1.7571428571428573,1.7571428571428573,0.0,0.0,0.3,0.3,0.0,0.0,0.3,0.3,0.0,0.0,1.1,1.1,0.0,0.0,1.5285714285714287,1.5285714285714287,0.3,0.3,0.3,0.3,0.0,0.0,0.0,0.0,0.3,0.3,0.0,0.0,0.3,0.3,0.0,0.0,0.0,0.0,1.3,1.3,0.0,0.0,0.0,0.0,0.0,0.0,0.0,0.0,0.0,0.0,0.0,0.0,0.0,0.0,0.0,0.0,1.9000000000000001,1.9000000000000001,0.0,0.0,0.0,0.0
0.0,0.0,0.0,0.0,0.0,0.0,0.0,0.0,0.7416666666666667,0.7416666666666667,0.7416666666666667,0.7416666666666667,0.3,0.3,0.3,0.3,0.0,0.0,0.0,0.0,0.0,0.0,0.0,0.0,339.29999999999995,339.29999999999995,339.29999999999995,0.0,0.0,0.0,0.3,0.3,0.0,0.0,0.3,0.3,0.0,0.0,0.0,0.0,0.0,0.0,0.0,0.0,0.0,0.3,0.3,0.0,0.0,0.0,0.0,0.0,0.0,2.5,2.5,0.0,0.0,1.7000000000000002,1.7000000000000002,0.0,0.0,1.866666666666667,1.866666666666667,0.0,0.0,0.0,0.0,0.0,0.0,0.0,0.0,1.7000000000000002,1.7000000000000002,0.0,0.0,0.0,0.0,2.5,2.5,1.9000000000000001,1.9000000000000001,2.2333333333333334,2.2333333333333334,0.0,0.0,2.3857142857142857,2.3857142857142857,0.0,0.0,0.3,0.3,0.0,0.0,0.3,0.3,0.0,0.0,1.0666666666666667,1.0666666666666667,0.0,0.0,1.2012987012987013,1.2012987012987013,0.3,0.3,1.0,1.0,0.0,0.0,0.0,0.0,0.3,0.3,0.0,0.0,0.3,0.3,0.0,0.0,0.0,0.0,0.3,0.3,0.0,0.0,0.0,0.0,0.0,0.0,0.0,0.0,0.0,0.0,0.0,0.0,0.0,0.0,0.0,0.0,2.9,2.9,0.0,0.0,0.0,0.0
0.0,0.0,0.0,0.0,0.0,0.0,0.0,0.0,0.3,0.3,0.3,0.3,0.3,0.3,0.3,0.3,0.0,0.0,0.0,0.0,0.0,0.0,0.0,0.0,0.3,0.3,0.3,0.0,0.0,0.0,0.3,0.3,0.0,0.0,0.3,0.3,0.0,0.0,0.0,0.0,0.0,0.0,0.0,0.0,0.0,0.3,0.3,0.0,0.0,0.0,0.0,0.0,0.0,0.3,0.3,0.0,0.0,0.3,0.3,0.0,0.0,0.3,0.3,0.0,0.0,0.0,0.0,0.0,0.0,0.0,0.0,0.3,0.3,0.0,0.0,0.0,0.0,0.3,0.3,0.3,0.3,0.3,0.3,0.0,0.0,0.3,0.3,0.0,0.0,0.3,0.3,0.0,0.0,0.3,0.3,0.0,0.0,0.3,0.3,0.0,0.0,0.3,0.3,0.3,0.3,0.3,0.3,0.0,0.0,0.0,0.0,0.3,0.3,0.0,0.0,0.3,0.3,0.0,0.0,0.0,0.0,0.3,0.3,0.0,0.0,0.0,0.0,0.0,0.0,0.0,0.0,0.0,0.0,0.0,0.0,0.0,0.0,0.0,0.0,0.3,0.3,0.0,0.0,0.0,0.0
0.0,0.0,0.0,0.0,0.0,0.0,0.0,0.0,1.6833333333333336,1.6833333333333336,1.6833333333333336,1.6833333333333336,2.1,2.1,2.1,2.1,0.0,0.0,0.0,0.0,0.0,0.0,0.0,0.0,3.7,3.7,3.7,0.0,0.0,0.0,2.1,2.1,0.0,0.0,2.1,2.1,0.0,0.0,0.0,0.0,0.0,0.0,0.0,0.0,0.0,2.1,2.1,0.0,0.0,0.0,0.0,0.0,0.0,1.2,1.2,0.0,0.0,339.69999999999993,339.69999999999993,0.0,0.0,2.7,2.7,0.0,0.0,0.0,0.0,0.0,0.0,0.0,0.0,3.1,3.1,0.0,0.0,0.0,0.0,3.6,3.6,2.2,2.2,3.4333333333333336,3.4333333333333336,0.0,0.0,2.894285714285714,2.894285714285714,0.0,0.0,3.0999999999999996,3.0999999999999996,0.0,0.0,0.3,0.3,0.0,0.0,0.9333333333333333,0.9333333333333333,0.0,0.0,2.294805194805195,2.294805194805195,0.3,0.3,1.9000000000000001,1.9000000000000001,0.0,0.0,0.0,0.0,0.3,0.3,0.0,0.0,0.3,0.3,0.0,0.0,0.0,0.0,0.9000000000000001,0.9000000000000001,0.0,0.0,0.0,0.0,0.0,0.0,0.0,0.0,0.0,0.0,0.0,0.0,0.0,0.0,0.0,0.0,3.0,3.0,0.0,0.0,0.0,0.0
0.0,0.0,0.0,0.0,0.0,0.0,0.0,0.0,1.9333333333333336,1.9333333333333336,1.9333333333333336,1.9333333333333336,2.9,2.9,2.9,2.9,0.0,0.0,0.0,0.0,0.0,0.0,0.0,0.0,3.6333333333333337,3.6333333333333337,3.6333333333333337,0.0,0.0,0.0,1.3,1.3,0.0,0.0,1.3,1.3,0.0,0.0,0.0,0.0,0.0,0.0,0.0,0.0,0.0,1.3,1.3,0.0,0.0,0.0,0.0,0.0,0.0,3.3,3.3,0.0,0.0,1.7000000000000002,1.7000000000000002,0.0,0.0,2.783333333333333,2.783333333333333,0.0,0.0,0.0,0.0,0.0,0.0,0.0,0.0,3.3,3.3,0.0,0.0,0.0,0.0,3.5,3.5,2.0,2.0,3.3,3.3,0.0,0.0,2.591428571428571,2.591428571428571,0.0,0.0,1.3,1.3,0.0,0.0,0.3,0.3,0.0,0.0,1.55,1.55,0.0,0.0,2.811688311688312,2.811688311688312,0.3,0.3,1.5000000000000002,1.5000000000000002,0.0,0.0,0.0,0.0,0.3,0.3,0.0,0.0,0.3,0.3,0.0,0.0,0.0,0.0,2.3666666666666663,2.3666666666666663,0.0,0.0,0.0,0.0,0.0,0.0,0.0,0.0,0.0,0.0,0.0,0.0,0.0,0.0,0.0,0.0,3.3,3.3,0.0,0.0,0.0,0.0
0.0,0.0,0.0,0.0,0.0,0.0,0.0,0.0,1.4583333333333335,1.4583333333333335,1.4583333333333335,1.4583333333333335,2.3,2.3,2.3,2.3,0.0,0.0,0.0,0.0,0.0,0.0,0.0,0.0,2.833333333333333,2.833333333333333,2.833333333333333,0.0,0.0,0.0,0.3,0.3,0.0,0.0,0.3,0.3,0.0,0.0,0.0,0.0,0.0,0.0,0.0,0.0,0.0,0.3,0.3,0.0,0.0,0.0,0.0,0.0,0.0,9.7,9.7,0.0,0.0,0.3,0.3,0.0,0.0,2.5166666666666666,2.5166666666666666,0.0,0.0,0.0,0.0,0.0,0.0,0.0,0.0,2.1,2.1,0.0,0.0,0.0,0.0,2.2,2.2,2.2,2.2,2.2333333333333334,2.2333333333333334,0.0,0.0,2.7,2.7,0.0,0.0,0.3,0.3,0.0,0.0,0.3,0.3,0.0,0.0,0.6000000000000001,0.6000000000000001,0.0,0.0,2.125974025974026,2.125974025974026,0.3,0.3,0.3,0.3,0.0,0.0,0.0,0.0,0.3,0.3,0.0,0.0,0.3,0.3,0.0,0.0,0.0,0.0,1.5666666666666667,1.5666666666666667,0.0,0.0,0.0,0.0,0.0,0.0,0.0,0.0,0.0,0.0,0.0,0.0,0.0,0.0,0.0,0.0,4.0,4.0,0.0,0.0,0.0,0.0
0.0,0.0,0.0,0.0,0.0,0.0,0.0,0.0,0.3,0.3,0.3,0.3,0.3,0.3,0.3,0.3,0.0,0.0,0.0,0.0,0.0,0.0,0.0,0.0,0.3,0.3,0.3,0.0,0.0,0.0,0.3,0.3,0.0,0.0,0.3,0.3,0.0,0.0,0.0,0.0,0.0,0.0,0.0,0.0,0.0,0.3,0.3,0.0,0.0,0.0,0.0,0.0,0.0,0.3,0.3,0.0,0.0,0.3,0.3,0.0,0.0,0.3,0.3,0.0,0.0,0.0,0.0,0.0,0.0,0.0,0.0,0.3,0.3,0.0,0.0,0.0,0.0,0.3,0.3,0.3,0.3,0.3,0.3,0.0,0.0,0.3,0.3,0.0,0.0,0.3,0.3,0.0,0.0,0.3,0.3,0.0,0.0,0.3,0.3,0.0,0.0,0.3,0.3,0.3,0.3,0.3,0.3,0.0,0.0,0.0,0.0,0.3,0.3,0.0,0.0,0.3,0.3,0.0,0.0,0.0,0.0,0.3,0.3,0.0,0.0,0.0,0.0,0.0,0.0,0.0,0.0,0.0,0.0,0.0,0.0,0.0,0.0,0.0,0.0,0.3,0.3,0.0,0.0,0.0,0.0
0.0,0.0,0.0,0.0,0.0,0.0,0.0,0.0,0.3,0.3,0.3,0.3,2.1,2.1,2.1,2.1,0.0,0.0,0.0,0.0,0.0,0.0,0.0,0.0,0.3,0.3,0.3,0.0,0.0,0.0,0.3,0.3,0.0,0.0,0.3,0.3,0.0,0.0,0.0,0.0,0.0,0.0,0.0,0.0,0.0,0.3,0.3,0.0,0.0,0.0,0.0,0.0,0.0,0.3,0.3,0.0,0.0,0.3,0.3,0.0,0.0,1.2,1.2,0.0,0.0,0.0,0.0,0.0,0.0,0.0,0.0,2.1,2.1,0.0,0.0,0.0,0.0,0.3,0.3,0.3,0.3,0.9000000000000001,0.9000000000000001,0.0,0.0,0.3,0.3,0.0,0.0,0.3,0.3,0.0,0.0,0.3,0.3,0.0,0.0,0.3,0.3,0.0,0.0,0.5571428571428572,0.5571428571428572,0.3,0.3,0.3,0.3,0.0,0.0,0.0,0.0,0.3,0.3,0.0,0.0,0.3,0.3,0.0,0.0,0.0,0.0,0.9000000000000001,0.9000000000000001,0.0,0.0,0.0,0.0,0.0,0.0,0.0,0.0,0.0,0.0,0.0,0.0,0.0,0.0,0.0,0.0,0.3,0.3,0.0,0.0,0.0,0.0
0.0,0.0,0.0,0.0,0.0,0.0,0.0,0.0,0.6416666666666666,0.6416666666666666,0.6416666666666666,0.6416666666666666,1.9000000000000001,1.9000000000000001,1.9000000000000001,1.9000000000000001,0.0,0.0,0.0,0.0,0.0,0.0,0.0,0.0,2.1,2.1,2.1,0.0,0.0,0.0,0.3,0.3,0.0,0.0,0.3,0.3,0.0,0.0,0.0,0.0,0.0,0.0,0.0,0.0,0.0,0.3,0.3,0.0,0.0,0.0,0.0,0.0,0.0,0.3,0.3,0.0,0.0,0.3,0.3,0.0,0.0,1.1833333333333333,1.1833333333333333,0.0,0.0,0.0,0.0,0.0,0.0,0.0,0.0,1.9000000000000001,1.9000000000000001,0.0,0.0,0.0,0.0,1.5000000000000002,1.5000000000000002,1.6,1.6,1.1666666666666667,1.1666666666666667,0.0,0.0,1.4885714285714287,1.4885714285714287,0.0,0.0,1.1,1.1,0.0,0.0,0.3,0.3,0.0,0.0,337.4833333333333,337.4833333333333,0.0,0.0,0.7987012987012987,0.7987012987012987,0.3,0.3,0.3,0.3,0.0,0.0,0.0,0.0,0.3,0.3,0.0,0.0,0.3,0.3,0.0,0.0,0.0,0.0,0.8333333333333333,0.8333333333333333,0.0,0.0,0.0,0.0,0.0,0.0,0.0,0.0,0.0,0.0,0.0,0.0,0.0,0.0,0.0,0.0,1.7000000000000002,1.7000000000000002,0.0,0.0,0.0,0.0
0.0,0.0,0.0,0.0,0.0,0.0,0.0,0.0,2.6,2.6,2.6,2.6,1.7000000000000002,1.7000000000000002,1.7000000000000002,1.7000000000000002,0.0,0.0,0.0,0.0,0.0,0.0,0.0,0.0,3.2333333333333334,3.2333333333333334,3.2333333333333334,0.0,0.0,0.0,2.1,2.1,0.0,0.0,2.1,2.1,0.0,0.0,0.0,0.0,0.0,0.0,0.0,0.0,0.0,2.1,2.1,0.0,0.0,0.0,0.0,0.0,0.0,1.7000000000000002,1.7000000000000002,0.0,0.0,1.7000000000000002,1.7000000000000002,0.0,0.0,3.05,3.05,0.0,0.0,0.0,0.0,0.0,0.0,0.0,0.0,4.1,4.1,0.0,0.0,0.0,0.0,3.0,3.0,3.6,3.6,2.3,2.3,0.0,0.0,2.928571428571429,2.928571428571429,0.0,0.0,3.0,3.0,0.0,0.0,2.1,2.1,0.0,0.0,2.7,2.7,0.0,0.0,338.7181818181818,338.7181818181818,1.7000000000000002,1.7000000000000002,1.9000000000000001,1.9000000000000001,0.0,0.0,0.0,0.0,1.3,1.3,0.0,0.0,1.3,1.3,0.0,0.0,0.0,0.0,1.7000000000000002,1.7000000000000002,0.0,0.0,0.0,0.0,0.0,0.0,0.0,0.0,0.0,0.0,0.0,0.0,0.0,0.0,0.0,0.0,2.1,2.1,0.0,0.0,0.0,0.0
0.0,0.0,0.0,0.0,0.0,0.0,0.0,0.0,1.4666666666666668,1.4666666666666668,1.4666666666666668,1.4666666666666668,2.3,2.3,2.3,2.3,0.0,0.0,0.0,0.0,0.0,0.0,0.0,0.0,1.966666666666667,1.966666666666667,1.966666666666667,0.0,0.0,0.0,0.3,0.3,0.0,0.0,1.9000000000000001,1.9000000000000001,0.0,0.0,0.0,0.0,0.0,0.0,0.0,0.0,0.0,0.3,0.3,0.0,0.0,0.0,0.0,0.0,0.0,1.1,1.1,0.0,0.0,0.3,0.3,0.0,0.0,2.0,2.0,0.0,0.0,0.0,0.0,0.0,0.0,0.0,0.0,1.9000000000000001,1.9000000000000001,0.0,0.0,0.0,0.0,1.8,1.8,2.0,2.0,1.966666666666667,1.966666666666667,0.0,0.0,1.5000000000000002,1.5000000000000002,0.0,0.0,1.1,1.1,0.0,0.0,0.3,0.3,0.0,0.0,1.1666666666666667,1.1666666666666667,0.0,0.0,1.5571428571428572,1.5571428571428572,0.3,0.3,1.1,1.1,0.0,0.0,0.0,0.0,0.3,0.3,0.0,0.0,0.3,0.3,0.0,0.0,0.0,0.0,1.5000000000000002,1.5000000000000002,0.0,0.0,0.0,0.0,0.0,0.0,0.0,0.0,0.0,0.0,0.0,0.0,0.0,0.0,0.0,0.0,1.9000000000000001,1.9000000000000001,0.0,0.0,0.0,0.0
0.0,0.0,0.0,0.0,0.0,0.0,0.0,0.0,0.6000000000000001,0.6000000000000001,0.6000000000000001,0.6000000000000001,0.3,0.3,0.3,0.3,0.0,0.0,0.0,0.0,0.0,0.0,0.0,0.0,7.566666666666666,7.566666666666666,7.566666666666666,0.0,0.0,0.0,0.3,0.3,0.0,0.0,0.3,0.3,0.0,0.0,0.0,0.0,0.0,0.0,0.0,0.0,0.0,0.3,0.3,0.0,0.0,0.0,0.0,0.0,0.0,1.2,1.2,0.0,0.0,0.3,0.3,0.0,0.0,0.75,0.75,0.0,0.0,0.0,0.0,0.0,0.0,0.0,0.0,0.3,0.3,0.0,0.0,0.0,0.0,1.2,1.2,2.2,2.2,1.5666666666666667,1.5666666666666667,0.0,0.0,1.385714285714286,1.385714285714286,0.0,0.0,0.3,0.3,0.0,0.0,0.3,0.3,0.0,0.0,0.6000000000000001,0.6000000000000001,0.0,0.0,0.842857142857143,0.842857142857143,0.3,0.3,0.3,0.3,0.0,0.0,0.0,0.0,0.3,0.3,0.0,0.0,0.3,0.3,0.0,0.0,0.0,0.0,0.3,0.3,0.0,0.0,0.0,0.0,0.0,0.0,0.0,0.0,0.0,0.0,0.0,0.0,0.0,0.0,0.0,0.0,1.2,1.2,0.0,0.0,0.0,0.0
0.0,0.0,0.0,0.0,0.0,0.0,0.0,0.0,1.9333333333333333,1.9333333333333333,1.9333333333333333,1.9333333333333333,1.9000000000000001,1.9000000000000001,1.9000000000000001,1.9000000000000001,0.0,0.0,0.0,0.0,0.0,0.0,0.0,0.0,2.9000000000000004,2.9000000000000004,2.9000000000000004,0.0,0.0,0.0,2.1,2.1,0.0,0.0,4.1,4.1,0.0,0.0,0.0,0.0,0.0,0.0,0.0,0.0,0.0,2.1,2.1,0.0,0.0,0.0,0.0,0.0,0.0,1.2,1.2,0.0,0.0,8.7,8.7,0.0,0.0,1.8333333333333335,1.8333333333333335,0.0,0.0,0.0,0.0,0.0,0.0,0.0,0.0,2.3,2.3,0.0,0.0,0.0,0.0,1.9000000000000001,1.9000000000000001,1.9000000000000001,1.9000000000000001,3.4333333333333336,3.4333333333333336,0.0,0.0,1.8085714285714287,1.8085714285714287,0.0,0.0,3.0999999999999996,3.0999999999999996,0.0,0.0,0.3,0.3,0.0,0.0,0.8333333333333333,0.8333333333333333,0.0,0.0,2.1311688311688313,2.1311688311688313,0.3,0.3,2.9,2.9,0.0,0.0,0.0,0.0,0.3,0.3,0.0,0.0,0.3,0.3,0.0,0.0,0.0,0.0,0.8333333333333333,0.8333333333333333,0.0,0.0,0.0,0.0,0.0,0.0,0.0,0.0,0.0,0.0,0.0,0.0,0.0,0.0,0.0,0.0,1.2,1.2,0.0,0.0,0.0,0.0
0.0,0.0,0.0,0.0,0.0,0.0,0.0,0.0,1.4583333333333335,1.4583333333333335,1.4583333333333335,1.4583333333333335,218.50000000000003,218.50000000000003,218.50000000000003,218.50000000000003,0.0,0.0,0.0,0.0,0.0,0.0,0.0,0.0,7.8,7.8,7.8,0.0,0.0,0.0,0.3,0.3,0.0,0.0,0.3,0.3,0.0,0.0,0.0,0.0,0.0,0.0,0.0,0.0,0.0,0.3,0.3,0.0,0.0,0.0,0.0,0.0,0.0,3.8,3.8,0.0,0.0,2.1,2.1,0.0,0.0,3.333333333333333,3.333333333333333,0.0,0.0,0.0,0.0,0.0,0.0,0.0,0.0,3.5,3.5,0.0,0.0,0.0,0.0,4.1,4.1,3.7,3.7,3.966666666666667,3.966666666666667,0.0,0.0,3.362857142857143,3.362857142857143,0.0,0.0,1.2,1.2,0.0,0.0,0.3,0.3,0.0,0.0,2.466666666666667,2.466666666666667,0.0,0.0,2.3597402597402595,2.3597402597402595,0.3,0.3,1.2,1.2,0.0,0.0,0.0,0.0,0.3,0.3,0.0,0.0,0.3,0.3,0.0,0.0,0.0,0.0,2.966666666666667,2.966666666666667,0.0,0.0,0.0,0.0,0.0,0.0,0.0,0.0,0.0,0.0,0.0,0.0,0.0,0.0,0.0,0.0,3.9,3.9,0.0,0.0,0.0,0.0
0.0,0.0,0.0,0.0,0.0,0.0,0.0,0.0,1.1,1.1,1.1,1.1,2.3,2.3,2.3,2.3,0.0,0.0,0.0,0.0,0.0,0.0,0.0,0.0,1.966666666666667,1.966666666666667,1.966666666666667,0.0,0.0,0.0,0.3,0.3,0.0,0.0,0.3,0.3,0.0,0.0,0.0,0.0,0.0,0.0,0.0,0.0,0.0,0.3,0.3,0.0,0.0,0.0,0.0,0.0,0.0,2.0,2.0,0.0,0.0,340.09999999999997,340.09999999999997,0.0,0.0,1.4000000000000001,1.4000000000000001,0.0,0.0,0.0,0.0,0.0,0.0,0.0,0.0,2.3,2.3,0.0,0.0,0.0,0.0,1.7000000000000002,1.7000000000000002,1.8,1.8,3.7666666666666666,3.7666666666666666,0.0,0.0,1.5285714285714287,1.5285714285714287,0.0,0.0,1.3,1.3,0.0,0.0,0.3,0.3,0.0,0.0,1.1666666666666667,1.1666666666666667,0.0,0.0,1.6636363636363638,1.6636363636363638,0.3,0.3,1.2,1.2,0.0,0.0,0.0,0.0,0.3,0.3,0.0,0.0,0.3,0.3,0.0,0.0,0.0,0.0,1.6333333333333335,1.6333333333333335,0.0,0.0,0.0,0.0,0.0,0.0,0.0,0.0,0.0,0.0,0.0,0.0,0.0,0.0,0.0,0.0,1.3,1.3,0.0,0.0,0.0,0.0
0.0,0.0,0.0,0.0,0.0,0.0,0.0,0.0,0.3,0.3,0.3,0.3,0.3,0.3,0.3,0.3,0.0,0.0,0.0,0.0,0.0,0.0,0.0,0.0,0.3,0.3,0.3,0.0,0.0,0.0,0.3,0.3,0.0,0.0,0.3,0.3,0.0,0.0,0.0,0.0,0.0,0.0,0.0,0.0,0.0,0.3,0.3,0.0,0.0,0.0,0.0,0.0,0.0,0.3,0.3,0.0,0.0,0.3,0.3,0.0,0.0,0.3,0.3,0.0,0.0,0.0,0.0,0.0,0.0,0.0,0.0,0.3,0.3,0.0,0.0,0.0,0.0,0.3,0.3,0.3,0.3,0.3,0.3,0.0,0.0,0.3,0.3,0.0,0.0,0.3,0.3,0.0,0.0,0.3,0.3,0.0,0.0,0.3,0.3,0.0,0.0,0.3,0.3,0.3,0.3,0.3,0.3,0.0,0.0,0.0,0.0,0.3,0.3,0.0,0.0,0.3,0.3,0.0,0.0,0.0,0.0,0.3,0.3,0.0,0.0,0.0,0.0,0.0,0.0,0.0,0.0,0.0,0.0,0.0,0.0,0.0,0.0,0.0,0.0,0.3,0.3,0.0,0.0,0.0,0.0
0.0,0.0,0.0,0.0,0.0,0.0,0.0,0.0,1.975,1.975,1.975,1.975,3.0999999999999996,3.0999999999999996,3.0999999999999996,3.0999999999999996,0.0,0.0,0.0,0.0,0.0,0.0,0.0,0.0,8.033333333333333,8.033333333333333,8.033333333333333,0.0,0.0,0.0,3.7,3.7,0.0,0.0,2.1,2.1,0.0,0.0,0.0,0.0,0.0,0.0,0.0,0.0,0.0,2.1,2.1,0.0,0.0,0.0,0.0,0.0,0.0,2.5,2.5,0.0,0.0,1.3,1.3,0.0,0.0,3.166666666666667,3.166666666666667,0.0,0.0,0.0,0.0,0.0,0.0,0.0,0.0,2.9000000000000004,2.9000000000000004,0.0,0.0,0.0,0.0,3.8,3.8,2.1,2.1,3.033333333333333,3.033333333333333,0.0,0.0,3.06,3.06,0.0,0.0,2.8,2.8,0.0,0.0,2.1,2.1,0.0,0.0,2.3166666666666664,2.3166666666666664,0.0,0.0,277.94805194805195,277.94805194805195,0.3,0.3,1.7000000000000002,1.7000000000000002,0.0,0.0,0.0,0.0,0.3,0.3,0.0,0.0,1.1,1.1,0.0,0.0,0.0,0.0,1.9000000000000001,1.9000000000000001,0.0,0.0,0.0,0.0,0.0,0.0,0.0,0.0,0.0,0.0,0.0,0.0,0.0,0.0,0.0,0.0,2.9,2.9,0.0,0.0,0.0,0.0
0.0,0.0,0.0,0.0,0.0,0.0,0.0,0.0,1.6833333333333336,1.6833333333333336,1.6833333333333336,1.6833333333333336,1.9000000000000001,1.9000000000000001,1.9000000000000001,1.9000000000000001,0.0,0.0,0.0,0.0,0.0,0.0,0.0,0.0,9.833333333333334,9.833333333333334,9.833333333333334,0.0,0.0,0.0,3.7,3.7,0.0,0.0,2.1,2.1,0.0,0.0,0.0,0.0,0.0,0.0,0.0,0.0,0.0,2.1,2.1,0.0,0.0,0.0,0.0,0.0,0.0,8.6,8.6,0.0,0.0,1.7000000000000002,1.7000000000000002,0.0,0.0,3.0166666666666666,3.0166666666666666,0.0,0.0,0.0,0.0,0.0,0.0,0.0,0.0,3.5,3.5,0.0,0.0,0.0,0.0,3.6,3.6,2.2,2.2,3.566666666666667,3.566666666666667,0.0,0.0,3.4257142857142853,3.4257142857142853,0.0,0.0,2.1,2.1,0.0,0.0,0.3,0.3,0.0,0.0,1.5833333333333335,1.5833333333333335,0.0,0.0,2.523376623376623,2.523376623376623,0.3,0.3,1.9000000000000001,1.9000000000000001,0.0,0.0,0.0,0.0,0.3,0.3,0.0,0.0,1.1,1.1,0.0,0.0,0.0,0.0,1.3,1.3,0.0,0.0,0.0,0.0,0.0,0.0,0.0,0.0,0.0,0.0,0.0,0.0,0.0,0.0,0.0,0.0,3.7,3.7,0.0,0.0,0.0,0.0
0.0,0.0,0.0,0.0,0.0,0.0,0.0,0.0,0.3,0.3,0.3,0.3,0.3,0.3,0.3,0.3,0.0,0.0,0.0,0.0,0.0,0.0,0.0,0.0,0.3,0.3,0.3,0.0,0.0,0.0,0.3,0.3,0.0,0.0,0.3,0.3,0.0,0.0,0.0,0.0,0.0,0.0,0.0,0.0,0.0,0.3,0.3,0.0,0.0,0.0,0.0,0.0,0.0,0.3,0.3,0.0,0.0,0.3,0.3,0.0,0.0,0.3,0.3,0.0,0.0,0.0,0.0,0.0,0.0,0.0,0.0,0.3,0.3,0.0,0.0,0.0,0.0,0.3,0.3,0.3,0.3,0.3,0.3,0.0,0.0,0.3,0.3,0.0,0.0,0.3,0.3,0.0,0.0,0.3,0.3,0.0,0.0,0.3,0.3,0.0,0.0,0.3,0.3,0.3,0.3,0.3,0.3,0.0,0.0,0.0,0.0,0.3,0.3,0.0,0.0,0.3,0.3,0.0,0.0,0.0,0.0,0.3,0.3,0.0,0.0,0.0,0.0,0.0,0.0,0.0,0.0,0.0,0.0,0.0,0.0,0.0,0.0,0.0,0.0,0.3,0.3,0.0,0.0,0.0,0.0
0.0,0.0,0.0,0.0,0.0,0.0,0.0,0.0,1.3750000000000002,1.3750000000000002,1.3750000000000002,1.3750000000000002,3.0999999999999996,3.0999999999999996,3.0999999999999996,3.0999999999999996,0.0,0.0,0.0,0.0,0.0,0.0,0.0,0.0,3.5,3.5,3.5,0.0,0.0,0.0,2.1,2.1,0.0,0.0,2.1,2.1,0.0,0.0,0.0,0.0,0.0,0.0,0.0,0.0,0.0,2.1,2.1,0.0,0.0,0.0,0.0,0.0,0.0,2.5,2.5,0.0,0.0,2.7,2.7,0.0,0.0,2.7,2.7,0.0,0.0,0.0,0.0,0.0,0.0,0.0,0.0,3.5,3.5,0.0,0.0,0.0,0.0,3.3,3.3,2.0,2.0,2.9,2.9,0.0,0.0,2.928571428571429,2.928571428571429,0.0,0.0,3.0,3.0,0.0,0.0,1.3,1.3,0.0,0.0,1.866666666666667,1.866666666666667,0.0,0.0,2.0142857142857142,2.0142857142857142,0.3,0.3,1.7000000000000002,1.7000000000000002,0.0,0.0,0.0,0.0,0.3,0.3,0.0,0.0,0.3,0.3,0.0,0.0,0.0,0.0,1.9000000000000001,1.9000000000000001,0.0,0.0,0.0,0.0,0.0,0.0,0.0,0.0,0.0,0.0,0.0,0.0,0.0,0.0,0.0,0.0,2.9,2.9,0.0,0.0,0.0,0.0
0.0,0.0,0.0,0.0,0.0,0.0,0.0,0.0,1.4333333333333336,1.4333333333333336,1.4333333333333336,1.4333333333333336,8.3,8.3,8.3,8.3,0.0,0.0,0.0,0.0,0.0,0.0,0.0,0.0,1.9000000000000001,1.9000000000000001,1.9000000000000001,0.0,0.0,0.0,0.3,0.3,0.0,0.0,217.10000000000002,217.10000000000002,0.0,0.0,0.0,0.0,0.0,0.0,0.0,0.0,0.0,0.3,0.3,0.0,0.0,0.0,0.0,0.0,0.0,1.0,1.0,0.0,0.0,2.1,2.1,0.0,0.0,1.4000000000000001,1.4000000000000001,0.0,0.0,0.0,0.0,0.0,0.0,0.0,0.0,1.9000000000000001,1.9000000000000001,0.0,0.0,0.0,0.0,1.7000000000000002,1.7000000000000002,2.0,2.0,3.7,3.7,0.0,0.0,1.385714285714286,1.385714285714286,0.0,0.0,0.3,0.3,0.0,0.0,0.3,0.3,0.0,0.0,0.5666666666666667,0.5666666666666667,0.0,0.0,1.6064935064935066,1.6064935064935066,0.3,0.3,2.1999999999999997,2.1999999999999997,0.0,0.0,0.0,0.0,0.3,0.3,0.0,0.0,0.3,0.3,0.0,0.0,0.0,0.0,1.5000000000000002,1.5000000000000002,0.0,0.0,0.0,0.0,0.0,0.0,0.0,0.0,0.0,0.0,0.0,0.0,0.0,0.0,0.0,0.0,1.8,1.8,0.0,0.0,0.0,0.0
0.0,0.0,0.0,0.0,0.0,0.0,0.0,0.0,1.7416666666666667,1.7416666666666667,1.7416666666666667,1.7416666666666667,3.7,3.7,3.7,3.7,0.0,0.0,0.0,0.0,0.0,0.0,0.0,0.0,279.0,279.0,279.0,0.0,0.0,0.0,1.3,1.3,0.0,0.0,1.3,1.3,0.0,0.0,0.0,0.0,0.0,0.0,0.0,0.0,0.0,1.3,1.3,0.0,0.0,0.0,0.0,0.0,0.0,4.1,4.1,0.0,0.0,2.1,2.1,0.0,0.0,3.283333333333333,3.283333333333333,0.0,0.0,0.0,0.0,0.0,0.0,0.0,0.0,3.5,3.5,0.0,0.0,0.0,0.0,3.8,3.8,2.2,2.2,3.966666666666667,3.966666666666667,0.0,0.0,3.5171428571428573,3.5171428571428573,0.0,0.0,2.1999999999999997,2.1999999999999997,0.0,0.0,1.3,1.3,0.0,0.0,1.866666666666667,1.866666666666667,0.0,0.0,2.544155844155844,2.544155844155844,0.3,0.3,1.7000000000000002,1.7000000000000002,0.0,0.0,0.0,0.0,0.3,0.3,0.0,0.0,0.3,0.3,0.0,0.0,0.0,0.0,2.966666666666667,2.966666666666667,0.0,0.0,0.0,0.0,0.0,0.0,0.0,0.0,0.0,0.0,0.0,0.0,0.0,0.0,0.0,0.0,4.0,4.0,0.0,0.0,0.0,0.0
0.0,0.0,0.0,0.0,0.0,0.0,0.0,0.0,1.741666666666667,1.741666666666667,1.741666666666667,1.741666666666667,8.5,8.5,8.5,8.5,0.0,0.0,0.0,0.0,0.0,0.0,0.0,0.0,3.6333333333333337,3.6333333333333337,3.6333333333333337,0.0,0.0,0.0,1.7000000000000002,1.7000000000000002,0.0,0.0,1.7000000000000002,1.7000000000000002,0.0,0.0,0.0,0.0,0.0,0.0,0.0,0.0,0.0,1.7000000000000002,1.7000000000000002,0.0,0.0,0.0,0.0,0.0,0.0,3.0,3.0,0.0,0.0,2.1,2.1,0.0,0.0,2.966666666666667,2.966666666666667,0.0,0.0,0.0,0.0,0.0,0.0,0.0,0.0,2.3,2.3,0.0,0.0,0.0,0.0,2.8,2.8,1.9000000000000001,1.9000000000000001,3.7,3.7,0.0,0.0,2.6942857142857144,2.6942857142857144,0.0,0.0,1.7000000000000002,1.7000000000000002,0.0,0.0,1.7000000000000002,1.7000000000000002,0.0,0.0,2.0166666666666666,2.0166666666666666,0.0,0.0,2.3727272727272726,2.3727272727272726,0.3,0.3,1.9000000000000001,1.9000000000000001,0.0,0.0,0.0,0.0,0.3,0.3,0.0,0.0,0.3,0.3,0.0,0.0,0.0,0.0,2.9000000000000004,2.9000000000000004,0.0,0.0,0.0,0.0,0.0,0.0,0.0,0.0,0.0,0.0,0.0,0.0,0.0,0.0,0.0,0.0,3.8,3.8,0.0,0.0,0.0,0.0
0.0,0.0,0.0,0.0,0.0,0.0,0.0,0.0,0.5333333333333333,0.5333333333333333,0.5333333333333333,0.5333333333333333,0.3,0.3,0.3,0.3,0.0,0.0,0.0,0.0,0.0,0.0,0.0,0.0,7.366666666666667,7.366666666666667,7.366666666666667,0.0,0.0,0.0,0.3,0.3,0.0,0.0,0.3,0.3,0.0,0.0,0.0,0.0,0.0,0.0,0.0,0.0,0.0,0.3,0.3,0.0,0.0,0.0,0.0,0.0,0.0,1.2,1.2,0.0,0.0,0.3,0.3,0.0,0.0,0.65,0.65,0.0,0.0,0.0,0.0,0.0,0.0,0.0,0.0,0.3,0.3,0.0,0.0,0.0,0.0,1.0,1.0,1.9000000000000001,1.9000000000000001,1.4333333333333336,1.4333333333333336,0.0,0.0,1.3,1.3,0.0,0.0,0.3,0.3,0.0,0.0,0.3,0.3,0.0,0.0,0.5333333333333333,0.5333333333333333,0.0,0.0,0.7857142857142857,0.7857142857142857,0.3,0.3,0.3,0.3,0.0,0.0,0.0,0.0,0.3,0.3,0.0,0.0,0.3,0.3,0.0,0.0,0.0,0.0,0.3,0.3,0.0,0.0,0.0,0.0,0.0,0.0,0.0,0.0,0.0,0.0,0.0,0.0,0.0,0.0,0.0,0.0,1.2,1.2,0.0,0.0,0.0,0.0
0.0,0.0,0.0,0.0,0.0,0.0,0.0,0.0,0.3,0.3,0.3,0.3,0.3,0.3,0.3,0.3,0.0,0.0,0.0,0.0,0.0,0.0,0.0,0.0,0.3,0.3,0.3,0.0,0.0,0.0,0.3,0.3,0.0,0.0,0.3,0.3,0.0,0.0,0.0,0.0,0.0,0.0,0.0,0.0,0.0,0.3,0.3,0.0,0.0,0.0,0.0,0.0,0.0,0.3,0.3,0.0,0.0,0.3,0.3,0.0,0.0,0.3,0.3,0.0,0.0,0.0,0.0,0.0,0.0,0.0,0.0,0.3,0.3,0.0,0.0,0.0,0.0,0.3,0.3,0.3,0.3,0.3,0.3,0.0,0.0,0.3,0.3,0.0,0.0,0.3,0.3,0.0,0.0,0.3,0.3,0.0,0.0,0.3,0.3,0.0,0.0,0.3,0.3,0.3,0.3,0.3,0.3,0.0,0.0,0.0,0.0,0.3,0.3,0.0,0.0,0.3,0.3,0.0,0.0,0.0,0.0,0.3,0.3,0.0,0.0,0.0,0.0,0.0,0.0,0.0,0.0,0.0,0.0,0.0,0.0,0.0,0.0,0.0,0.0,0.3,0.3,0.0,0.0,0.0,0.0
0.0,0.0,0.0,0.0,0.0,0.0,0.0,0.0,1.6,1.6,1.6,1.6,2.1,2.1,2.1,2.1,0.0,0.0,0.0,0.0,0.0,0.0,0.0,0.0,3.366666666666667,3.366666666666667,3.366666666666667,0.0,0.0,0.0,0.3,0.3,0.0,0.0,0.3,0.3,0.0,0.0,0.0,0.0,0.0,0.0,0.0,0.0,0.0,0.3,0.3,0.0,0.0,0.0,0.0,0.0,0.0,1.1,1.1,0.0,0.0,1.5000000000000002,1.5000000000000002,0.0,0.0,2.55,2.55,0.0,0.0,0.0,0.0,0.0,0.0,0.0,0.0,2.1,2.1,0.0,0.0,0.0,0.0,2.6,2.6,2.0,2.0,2.1,2.1,0.0,0.0,2.6257142857142854,2.6257142857142854,0.0,0.0,1.1,1.1,0.0,0.0,2.1,2.1,0.0,0.0,1.2,1.2,0.0,0.0,2.1597402597402597,2.1597402597402597,0.3,0.3,0.3,0.3,0.0,0.0,0.0,0.0,0.3,0.3,0.0,0.0,0.3,0.3,0.0,0.0,0.0,0.0,0.9000000000000001,0.9000000000000001,0.0,0.0,0.0,0.0,0.0,0.0,0.0,0.0,0.0,0.0,0.0,0.0,0.0,0.0,0.0,0.0,2.5,2.5,0.0,0.0,0.0,0.0
0.0,0.0,0.0,0.0,0.0,0.0,0.0,0.0,3.0,3.0,3.0,3.0,2.3,2.3,2.3,2.3,0.0,0.0,0.0,0.0,0.0,0.0,0.0,0.0,2.3,2.3,2.3,0.0,0.0,0.0,4.1,4.1,0.0,0.0,3.9,3.9,0.0,0.0,0.0,0.0,0.0,0.0,0.0,0.0,0.0,2.1,2.1,0.0,0.0,0.0,0.0,0.0,0.0,0.3,0.3,0.0,0.0,1.7000000000000002,1.7000000000000002,0.0,0.0,1.4000000000000001,1.4000000000000001,0.0,0.0,0.0,0.0,0.0,0.0,0.0,0.0,0.3,0.3,0.0,0.0,0.0,0.0,1.1,1.1,1.9000000000000001,1.9000000000000001,2.9000000000000004,2.9000000000000004,0.0,0.0,2.242857142857143,2.242857142857143,0.0,0.0,3.0999999999999996,3.0999999999999996,0.0,0.0,0.3,0.3,0.0,0.0,1.2666666666666668,1.2666666666666668,0.0,0.0,2.419480519480519,2.419480519480519,1.7000000000000002,1.7000000000000002,2.8,2.8,0.0,0.0,0.0,0.0,4.1,4.1,0.0,0.0,4.1,4.1,0.0,0.0,0.0,0.0,1.5666666666666667,1.5666666666666667,0.0,0.0,0.0,0.0,0.0,0.0,0.0,0.0,0.0,0.0,0.0,0.0,0.0,0.0,0.0,0.0,2.6,2.6,0.0,0.0,0.0,0.0
0.0,0.0,0.0,0.0,0.0,0.0,0.0,0.0,0.8583333333333334,0.8583333333333334,0.8583333333333334,0.8583333333333334,0.3,0.3,0.3,0.3,0.0,0.0,0.0,0.0,0.0,0.0,0.0,0.0,1.5666666666666669,1.5666666666666669,1.5666666666666669,0.0,0.0,0.0,4.1,4.1,0.0,0.0,2.1,2.1,0.0,0.0,0.0,0.0,0.0,0.0,0.0,0.0,0.0,2.1,2.1,0.0,0.0,0.0,0.0,0.0,0.0,2.7,2.7,0.0,0.0,0.3,0.3,0.0,0.0,0.6000000000000001,0.6000000000000001,0.0,0.0,0.0,0.0,0.0,0.0,0.0,0.0,0.3,0.3,0.0,0.0,0.0,0.0,0.3,0.3,0.3,0.3,0.3,0.3,0.0,0.0,0.5857142857142857,0.5857142857142857,0.0,0.0,2.1,2.1,0.0,0.0,0.3,0.3,0.0,0.0,1.2,1.2,0.0,0.0,1.0766233766233768,1.0766233766233768,0.3,0.3,1.2,1.2,0.0,0.0,0.0,0.0,0.3,0.3,0.0,0.0,1.3,1.3,0.0,0.0,0.0,0.0,0.3,0.3,0.0,0.0,0.0,0.0,0.0,0.0,0.0,0.0,0.0,0.0,0.0,0.0,0.0,0.0,0.0,0.0,1.3,1.3,0.0,0.0,0.0,0.0
0.0,0.0,0.0,0.0,0.0,0.0,0.0,0.0,1.6500000000000001,1.6500000000000001,1.6500000000000001,1.6500000000000001,6.9,6.9,6.9,6.9,0.0,0.0,0.0,0.0,0.0,0.0,0.0,0.0,3.833333333333334,3.833333333333334,3.833333333333334,0.0,0.0,0.0,0.3,0.3,0.0,0.0,0.3,0.3,0.0,0.0,0.0,0.0,0.0,0.0,0.0,0.0,0.0,0.3,0.3,0.0,0.0,0.0,0.0,0.0,0.0,2.6,2.6,0.0,0.0,2.1,2.1,0.0,0.0,3.166666666666667,3.166666666666667,0.0,0.0,0.0,0.0,0.0,0.0,0.0,0.0,2.9000000000000004,2.9000000000000004,0.0,0.0,0.0,0.0,3.8,3.8,2.2,2.2,3.9,3.9,0.0,0.0,278.18857142857144,278.18857142857144,0.0,0.0,1.2,1.2,0.0,0.0,2.1,2.1,0.0,0.0,2.5666666666666664,2.5666666666666664,0.0,0.0,2.3025974025974025,2.3025974025974025,0.3,0.3,1.2,1.2,0.0,0.0,0.0,0.0,0.3,0.3,0.0,0.0,0.3,0.3,0.0,0.0,0.0,0.0,1.9666666666666668,1.9666666666666668,0.0,0.0,0.0,0.0,0.0,0.0,0.0,0.0,0.0,0.0,0.0,0.0,0.0,0.0,0.0,0.0,3.0,3.0,0.0,0.0,0.0,0.0
0.0,0.0,0.0,0.0,0.0,0.0,0.0,0.0,1.5250000000000001,1.5250000000000001,1.5250000000000001,1.5250000000000001,2.7,2.7,2.7,2.7,0.0,0.0,0.0,0.0,0.0,0.0,0.0,0.0,3.5,3.5,3.5,0.0,0.0,0.0,1.7000000000000002,1.7000000000000002,0.0,0.0,1.7000000000000002,1.7000000000000002,0.0,0.0,0.0,0.0,0.0,0.0,0.0,0.0,0.0,1.7000000000000002,1.7000000000000002,0.0,0.0,0.0,0.0,0.0,0.0,2.5999999999999996,2.5999999999999996,0.0,0.0,2.7,2.7,0.0,0.0,3.2666666666666666,3.2666666666666666,0.0,0.0,0.0,0.0,0.0,0.0,0.0,0.0,3.5,3.5,0.0,0.0,0.0,0.0,3.8,3.8,2.0,2.0,3.3,3.3,0.0,0.0,3.1228571428571428,3.1228571428571428,0.0,0.0,1.7000000000000002,1.7000000000000002,0.0,0.0,0.3,0.3,0.0,0.0,1.7000000000000002,1.7000000000000002,0.0,0.0,2.17012987012987,2.17012987012987,0.3,0.3,1.7000000000000002,1.7000000000000002,0.0,0.0,0.0,0.0,0.3,0.3,0.0,0.0,0.3,0.3,0.0,0.0,0.0,0.0,1.7666666666666668,1.7666666666666668,0.0,0.0,0.0,0.0,0.0,0.0,0.0,0.0,0.0,0.0,0.0,0.0,0.0,0.0,0.0,0.0,2.3,2.3,0.0,0.0,0.0,0.0
0.0,0.0,0.0,0.0,0.0,0.0,0.0,0.0,1.7166666666666668,1.7166666666666668,1.7166666666666668,1.7166666666666668,1.9000000000000001,1.9000000000000001,1.9000000000000001,1.9000000000000001,0.0,0.0,0.0,0.0,0.0,0.0,0.0,0.0,3.3,3.3,3.3,0.0,0.0,0.0,0.3,0.3,0.0,0.0,2.1,2.1,0.0,0.0,0.0,0.0,0.0,0.0,0.0,0.0,0.0,0.3,0.3,0.0,0.0,0.0,0.0,0.0,0.0,0.9000000000000001,0.9000000000000001,0.0,0.0,1.7000000000000002,1.7000000000000002,0.0,0.0,2.4333333333333336,2.4333333333333336,0.0,0.0,0.0,0.0,0.0,0.0,0.0,0.0,1.7000000000000002,1.7000000000000002,0.0,0.0,0.0,0.0,2.5,2.5,1.9000000000000001,1.9000000000000001,3.2333333333333334,3.2333333333333334,0.0,0.0,2.591428571428571,2.591428571428571,0.0,0.0,1.1,1.1,0.0,0.0,1.3,1.3,0.0,0.0,2.6833333333333336,2.6833333333333336,0.0,0.0,2.222077922077922,2.222077922077922,0.3,0.3,1.9000000000000001,1.9000000000000001,0.0,0.0,0.0,0.0,0.3,0.3,0.0,0.0,0.3,0.3,0.0,0.0,0.0,0.0,0.8333333333333333,0.8333333333333333,0.0,0.0,0.0,0.0,0.0,0.0,0.0,0.0,0.0,0.0,0.0,0.0,0.0,0.0,0.0,0.0,2.7,2.7,0.0,0.0,0.0,0.0
0.0,0.0,0.0,0.0,0.0,0.0,0.0,0.0,1.2833333333333334,1.2833333333333334,1.2833333333333334,1.2833333333333334,3.3,3.3,3.3,3.3,0.0,0.0,0.0,0.0,0.0,0.0,0.0,0.0,339.63333333333327,339.63333333333327,339.63333333333327,0.0,0.0,0.0,0.3,0.3,0.0,0.0,0.3,0.3,0.0,0.0,0.0,0.0,0.0,0.0,0.0,0.0,0.0,0.3,0.3,0.0,0.0,0.0,0.0,0.0,0.0,278.5,278.5,0.0,0.0,2.1,2.1,0.0,0.0,3.0,3.0,0.0,0.0,0.0,0.0,0.0,0.0,0.0,0.0,3.7,3.7,0.0,0.0,0.0,0.0,3.7,3.7,2.2,2.2,4.033333333333333,4.033333333333333,0.0,0.0,3.1228571428571428,3.1228571428571428,0.0,0.0,1.1,1.1,0.0,0.0,1.3,1.3,0.0,0.0,1.6333333333333335,1.6333333333333335,0.0,0.0,2.1597402597402597,2.1597402597402597,0.3,0.3,1.2,1.2,0.0,0.0,0.0,0.0,0.3,0.3,0.0,0.0,0.3,0.3,0.0,0.0,0.0,0.0,1.9666666666666668,1.9666666666666668,0.0,0.0,0.0,0.0,0.0,0.0,0.0,0.0,0.0,0.0,0.0,0.0,0.0,0.0,0.0,0.0,2.9,2.9,0.0,0.0,0.0,0.0
0.0,0.0,0.0,0.0,0.0,0.0,0.0,0.0,0.3,0.3,0.3,0.3,0.3,0.3,0.3,0.3,0.0,0.0,0.0,0.0,0.0,0.0,0.0,0.0,0.3,0.3,0.3,0.0,0.0,0.0,0.3,0.3,0.0,0.0,0.3,0.3,0.0,0.0,0.0,0.0,0.0,0.0,0.0,0.0,0.0,0.3,0.3,0.0,0.0,0.0,0.0,0.0,0.0,0.3,0.3,0.0,0.0,0.3,0.3,0.0,0.0,0.3,0.3,0.0,0.0,0.0,0.0,0.0,0.0,0.0,0.0,0.3,0.3,0.0,0.0,0.0,0.0,0.3,0.3,0.3,0.3,0.3,0.3,0.0,0.0,0.3,0.3,0.0,0.0,0.3,0.3,0.0,0.0,0.3,0.3,0.0,0.0,0.3,0.3,0.0,0.0,0.3,0.3,0.3,0.3,0.3,0.3,0.0,0.0,0.0,0.0,0.3,0.3,0.0,0.0,0.3,0.3,0.0,0.0,0.0,0.0,0.3,0.3,0.0,0.0,0.0,0.0,0.0,0.0,0.0,0.0,0.0,0.0,0.0,0.0,0.0,0.0,0.0,0.0,0.3,0.3,0.0,0.0,0.0,0.0
0.0,0.0,0.0,0.0,0.0,0.0,0.0,0.0,0.75,0.75,0.75,0.75,0.3,0.3,0.3,0.3,0.0,0.0,0.0,0.0,0.0,0.0,0.0,0.0,2.1,2.1,2.1,0.0,0.0,0.0,0.3,0.3,0.0,0.0,0.3,0.3,0.0,0.0,0.0,0.0,0.0,0.0,0.0,0.0,0.0,0.3,0.3,0.0,0.0,0.0,0.0,0.0,0.0,1.7000000000000002,1.7000000000000002,0.0,0.0,2.1,2.1,0.0,0.0,2.4,2.4,0.0,0.0,0.0,0.0,0.0,0.0,0.0,0.0,2.1,2.1,0.0,0.0,0.0,0.0,2.1,2.1,0.3,0.3,2.1,2.1,0.0,0.0,1.94,1.94,0.0,0.0,0.3,0.3,0.0,0.0,2.1,2.1,0.0,0.0,1.9000000000000001,1.9000000000000001,0.0,0.0,1.0818181818181818,1.0818181818181818,0.3,0.3,1.2,1.2,0.0,0.0,0.0,0.0,0.3,0.3,0.0,0.0,0.3,0.3,0.0,0.0,0.0,0.0,0.3,0.3,0.0,0.0,0.0,0.0,0.0,0.0,0.0,0.0,0.0,0.0,0.0,0.0,0.0,0.0,0.0,0.0,2.1,2.1,0.0,0.0,0.0,0.0
0.0,0.0,0.0,0.0,0.0,0.0,0.0,0.0,1.6666666666666667,1.6666666666666667,1.6666666666666667,1.6666666666666667,2.3,2.3,2.3,2.3,0.0,0.0,0.0,0.0,0.0,0.0,0.0,0.0,4.033333333333333,4.033333333333333,4.033333333333333,0.0,0.0,0.0,0.3,0.3,0.0,0.0,0.3,0.3,0.0,0.0,0.0,0.0,0.0,0.0,0.0,0.0,0.0,0.3,0.3,0.0,0.0,0.0,0.0,0.0,0.0,3.5,3.5,0.0,0.0,1.7000000000000002,1.7000000000000002,0.0,0.0,3.366666666666667,3.366666666666667,0.0,0.0,0.0,0.0,0.0,0.0,0.0,0.0,3.7,3.7,0.0,0.0,0.0,0.0,4.1,4.1,2.3,2.3,3.6333333333333333,3.6333333333333333,0.0,0.0,3.3114285714285714,3.3114285714285714,0.0,0.0,1.2,1.2,0.0,0.0,1.7000000000000002,1.7000000000000002,0.0,0.0,1.9333333333333333,1.9333333333333333,0.0,0.0,2.453246753246753,2.453246753246753,0.3,0.3,1.0,1.0,0.0,0.0,0.0,0.0,0.3,0.3,0.0,0.0,0.3,0.3,0.0,0.0,0.0,0.0,1.5666666666666667,1.5666666666666667,0.0,0.0,0.0,0.0,0.0,0.0,0.0,0.0,0.0,0.0,0.0,0.0,0.0,0.0,0.0,0.0,3.9,3.9,0.0,0.0,0.0,0.0
0.0,0.0,0.0,0.0,0.0,0.0,0.0,0.0,0.3,0.3,0.3,0.3,0.3,0.3,0.3,0.3,0.0,0.0,0.0,0.0,0.0,0.0,0.0,0.0,0.3,0.3,0.3,0.0,0.0,0.0,0.3,0.3,0.0,0.0,0.3,0.3,0.0,0.0,0.0,0.0,0.0,0.0,0.0,0.0,0.0,0.3,0.3,0.0,0.0,0.0,0.0,0.0,0.0,0.3,0.3,0.0,0.0,0.3,0.3,0.0,0.0,0.8,0.8,0.0,0.0,0.0,0.0,0.0,0.0,0.0,0.0,0.3,0.3,0.0,0.0,0.0,0.0,0.3,0.3,0.3,0.3,0.3,0.3,0.0,0.0,0.3,0.3,0.0,0.0,0.3,0.3,0.0,0.0,0.3,0.3,0.0,0.0,0.3,0.3,0.0,0.0,0.3,0.3,0.3,0.3,0.3,0.3,0.0,0.0,0.0,0.0,0.3,0.3,0.0,0.0,0.3,0.3,0.0,0.0,0.0,0.0,0.3,0.3,0.0,0.0,0.0,0.0,0.0,0.0,0.0,0.0,0.0,0.0,0.0,0.0,0.0,0.0,0.0,0.0,0.3,0.3,0.0,0.0,0.0,0.0
0.0,0.0,0.0,0.0,0.0,0.0,0.0,0.0,0.3,0.3,0.3,0.3,0.3,0.3,0.3,0.3,0.0,0.0,0.0,0.0,0.0,0.0,0.0,0.0,0.3,0.3,0.3,0.0,0.0,0.0,0.3,0.3,0.0,0.0,0.3,0.3,0.0,0.0,0.0,0.0,0.0,0.0,0.0,0.0,0.0,0.3,0.3,0.0,0.0,0.0,0.0,0.0,0.0,0.3,0.3,0.0,0.0,0.3,0.3,0.0,0.0,0.3,0.3,0.0,0.0,0.0,0.0,0.0,0.0,0.0,0.0,0.3,0.3,0.0,0.0,0.0,0.0,0.3,0.3,0.3,0.3,0.3,0.3,0.0,0.0,0.3,0.3,0.0,0.0,0.3,0.3,0.0,0.0,0.3,0.3,0.0,0.0,0.3,0.3,0.0,0.0,0.3,0.3,0.3,0.3,0.3,0.3,0.0,0.0,0.0,0.0,0.3,0.3,0.0,0.0,0.3,0.3,0.0,0.0,0.0,0.0,0.3,0.3,0.0,0.0,0.0,0.0,0.0,0.0,0.0,0.0,0.0,0.0,0.0,0.0,0.0,0.0,0.0,0.0,0.3,0.3,0.0,0.0,0.0,0.0
0.0,0.0,0.0,0.0,0.0,0.0,0.0,0.0,1.5333333333333334,1.5333333333333334,1.5333333333333334,1.5333333333333334,8.9,8.9,8.9,8.9,0.0,0.0,0.0,0.0,0.0,0.0,0.0,0.0,3.7,3.7,3.7,0.0,0.0,0.0,0.3,0.3,0.0,0.0,0.3,0.3,0.0,0.0,0.0,0.0,0.0,0.0,0.0,0.0,0.0,0.3,0.3,0.0,0.0,0.0,0.0,0.0,0.0,1.1,1.1,0.0,0.0,0.3,0.3,0.0,0.0,2.8833333333333333,2.8833333333333333,0.0,0.0,0.0,0.0,0.0,0.0,0.0,0.0,1.9000000000000001,1.9000000000000001,0.0,0.0,0.0,0.0,2.6,2.6,2.1,2.1,1.9000000000000001,1.9000000000000001,0.0,0.0,1.8028571428571432,1.8028571428571432,0.0,0.0,1.2,1.2,0.0,0.0,1.7000000000000002,1.7000000000000002,0.0,0.0,0.8333333333333333,0.8333333333333333,0.0,0.0,1.9259740259740261,1.9259740259740261,0.3,0.3,0.3,0.3,0.0,0.0,0.0,0.0,0.3,0.3,0.0,0.0,0.3,0.3,0.0,0.0,0.0,0.0,3.3666666666666663,3.3666666666666663,0.0,0.0,0.0,0.0,0.0,0.0,0.0,0.0,0.0,0.0,0.0,0.0,0.0,0.0,0.0,0.0,2.0,2.0,0.0,0.0,0.0,0.0
0.0,0.0,0.0,0.0,0.0,0.0,0.0,0.0,0.3,0.3,0.3,0.3,0.3,0.3,0.3,0.3,0.0,0.0,0.0,0.0,0.0,0.0,0.0,0.0,0.3,0.3,0.3,0.0,0.0,0.0,0.3,0.3,0.0,0.0,0.3,0.3,0.0,0.0,0.0,0.0,0.0,0.0,0.0,0.0,0.0,0.3,0.3,0.0,0.0,0.0,0.0,0.0,0.0,0.3,0.3,0.0,0.0,0.3,0.3,0.0,0.0,0.3,0.3,0.0,0.0,0.0,0.0,0.0,0.0,0.0,0.0,0.3,0.3,0.0,0.0,0.0,0.0,0.3,0.3,0.3,0.3,0.3,0.3,0.0,0.0,0.3,0.3,0.0,0.0,0.3,0.3,0.0,0.0,0.3,0.3,0.0,0.0,0.3,0.3,0.0,0.0,0.3,0.3,0.3,0.3,0.3,0.3,0.0,0.0,0.0,0.0,0.3,0.3,0.0,0.0,0.3,0.3,0.0,0.0,0.0,0.0,0.3,0.3,0.0,0.0,0.0,0.0,0.0,0.0,0.0,0.0,0.0,0.0,0.0,0.0,0.0,0.0,0.0,0.0,0.3,0.3,0.0,0.0,0.0,0.0
0.0,0.0,0.0,0.0,0.0,0.0,0.0,0.0,0.3,0.3,0.3,0.3,0.3,0.3,0.3,0.3,0.0,0.0,0.0,0.0,0.0,0.0,0.0,0.0,0.3,0.3,0.3,0.0,0.0,0.0,0.3,0.3,0.0,0.0,0.3,0.3,0.0,0.0,0.0,0.0,0.0,0.0,0.0,0.0,0.0,0.3,0.3,0.0,0.0,0.0,0.0,0.0,0.0,0.3,0.3,0.0,0.0,0.3,0.3,0.0,0.0,0.3,0.3,0.0,0.0,0.0,0.0,0.0,0.0,0.0,0.0,0.3,0.3,0.0,0.0,0.0,0.0,0.3,0.3,0.3,0.3,0.3,0.3,0.0,0.0,0.3,0.3,0.0,0.0,0.3,0.3,0.0,0.0,0.3,0.3,0.0,0.0,0.3,0.3,0.0,0.0,0.3,0.3,0.3,0.3,0.3,0.3,0.0,0.0,0.0,0.0,0.3,0.3,0.0,0.0,0.3,0.3,0.0,0.0,0.0,0.0,0.3,0.3,0.0,0.0,0.0,0.0,0.0,0.0,0.0,0.0,0.0,0.0,0.0,0.0,0.0,0.0,0.0,0.0,0.3,0.3,0.0,0.0,0.0,0.0
0.0,0.0,0.0,0.0,0.0,0.0,0.0,0.0,1.3833333333333333,1.3833333333333333,1.3833333333333333,1.3833333333333333,3.7,3.7,3.7,3.7,0.0,0.0,0.0,0.0,0.0,0.0,0.0,0.0,339.96666666666664,339.96666666666664,339.96666666666664,0.0,0.0,0.0,0.3,0.3,0.0,0.0,0.3,0.3,0.0,0.0,0.0,0.0,0.0,0.0,0.0,0.0,0.0,0.3,0.3,0.0,0.0,0.0,0.0,0.0,0.0,3.9,3.9,0.0,0.0,2.1,2.1,0.0,0.0,2.8833333333333337,2.8833333333333337,0.0,0.0,0.0,0.0,0.0,0.0,0.0,0.0,2.1,2.1,0.0,0.0,0.0,0.0,4.0,4.0,2.1,2.1,4.033333333333333,4.033333333333333,0.0,0.0,3.031428571428571,3.031428571428571,0.0,0.0,0.3,0.3,0.0,0.0,2.1,2.1,0.0,0.0,0.9500000000000002,0.9500000000000002,0.0,0.0,2.2324675324675325,2.2324675324675325,0.3,0.3,1.2,1.2,0.0,0.0,0.0,0.0,0.3,0.3,0.0,0.0,0.3,0.3,0.0,0.0,0.0,0.0,2.3666666666666667,2.3666666666666667,0.0,0.0,0.0,0.0,0.0,0.0,0.0,0.0,0.0,0.0,0.0,0.0,0.0,0.0,0.0,0.0,3.0999999999999996,3.0999999999999996,0.0,0.0,0.0,0.0
0.0,0.0,0.0,0.0,0.0,0.0,0.0,0.0,0.3,0.3,0.3,0.3,0.3,0.3,0.3,0.3,0.0,0.0,0.0,0.0,0.0,0.0,0.0,0.0,0.3,0.3,0.3,0.0,0.0,0.0,0.3,0.3,0.0,0.0,0.3,0.3,0.0,0.0,0.0,0.0,0.0,0.0,0.0,0.0,0.0,0.3,0.3,0.0,0.0,0.0,0.0,0.0,0.0,0.3,0.3,0.0,0.0,0.3,0.3,0.0,0.0,0.3,0.3,0.0,0.0,0.0,0.0,0.0,0.0,0.0,0.0,0.3,0.3,0.0,0.0,0.0,0.0,0.3,0.3,0.3,0.3,0.3,0.3,0.0,0.0,0.3,0.3,0.0,0.0,0.3,0.3,0.0,0.0,0.3,0.3,0.0,0.0,0.3,0.3,0.0,0.0,0.3,0.3,0.3,0.3,0.3,0.3,0.0,0.0,0.0,0.0,0.3,0.3,0.0,0.0,0.3,0.3,0.0,0.0,0.0,0.0,0.3,0.3,0.0,0.0,0.0,0.0,0.0,0.0,0.0,0.0,0.0,0.0,0.0,0.0,0.0,0.0,0.0,0.0,0.3,0.3,0.0,0.0,0.0,0.0
0.0,0.0,0.0,0.0,0.0,0.0,0.0,0.0,1.7583333333333335,1.7583333333333335,1.7583333333333335,1.7583333333333335,3.7,3.7,3.7,3.7,0.0,0.0,0.0,0.0,0.0,0.0,0.0,0.0,3.966666666666667,3.966666666666667,3.966666666666667,0.0,0.0,0.0,1.3,1.3,0.0,0.0,1.3,1.3,0.0,0.0,0.0,0.0,0.0,0.0,0.0,0.0,0.0,1.3,1.3,0.0,0.0,0.0,0.0,0.0,0.0,3.3,3.3,0.0,0.0,1.7000000000000002,1.7000000000000002,0.0,0.0,3.366666666666667,3.366666666666667,0.0,0.0,0.0,0.0,0.0,0.0,0.0,0.0,3.9,3.9,0.0,0.0,0.0,0.0,4.1,4.1,2.3,2.3,3.6333333333333333,3.6333333333333333,0.0,0.0,3.362857142857143,3.362857142857143,0.0,0.0,2.1999999999999997,2.1999999999999997,0.0,0.0,1.7000000000000002,1.7000000000000002,0.0,0.0,2.466666666666667,2.466666666666667,0.0,0.0,2.479220779220779,2.479220779220779,0.3,0.3,1.5000000000000002,1.5000000000000002,0.0,0.0,0.0,0.0,0.3,0.3,0.0,0.0,0.3,0.3,0.0,0.0,0.0,0.0,2.9000000000000004,2.9000000000000004,0.0,0.0,0.0,0.0,0.0,0.0,0.0,0.0,0.0,0.0,0.0,0.0,0.0,0.0,0.0,0.0,3.7,3.7,0.0,0.0,0.0,0.0
0.0,0.0,0.0,0.0,0.0,0.0,0.0,0.0,0.75,0.75,0.75,0.75,0.3,0.3,0.3,0.3,0.0,0.0,0.0,0.0,0.0,0.0,0.0,0.0,1.3666666666666667,1.3666666666666667,1.3666666666666667,0.0,0.0,0.0,2.1,2.1,0.0,0.0,2.1,2.1,0.0,0.0,0.0,0.0,0.0,0.0,0.0,0.0,0.0,2.1,2.1,0.0,0.0,0.0,0.0,0.0,0.0,0.3,0.3,0.0,0.0,0.3,0.3,0.0,0.0,1.3666666666666667,1.3666666666666667,0.0,0.0,0.0,0.0,0.0,0.0,0.0,0.0,2.1,2.1,0.0,0.0,0.0,0.0,1.9000000000000001,1.9000000000000001,0.3,0.3,0.3,0.3,0.0,0.0,1.3,1.3,0.0,0.0,2.1,2.1,0.0,0.0,0.3,0.3,0.0,0.0,0.3,0.3,0.0,0.0,0.8818181818181818,0.8818181818181818,0.3,0.3,1.2,1.2,0.0,0.0,0.0,0.0,0.3,0.3,0.0,0.0,0.3,0.3,0.0,0.0,0.0,0.0,0.3,0.3,0.0,0.0,0.0,0.0,0.0,0.0,0.0,0.0,0.0,0.0,0.0,0.0,0.0,0.0,0.0,0.0,0.3,0.3,0.0,0.0,0.0,0.0
0.0,0.0,0.0,0.0,0.0,0.0,0.0,0.0,0.3,0.3,0.3,0.3,0.3,0.3,0.3,0.3,0.0,0.0,0.0,0.0,0.0,0.0,0.0,0.0,0.3,0.3,0.3,0.0,0.0,0.0,0.3,0.3,0.0,0.0,0.3,0.3,0.0,0.0,0.0,0.0,0.0,0.0,0.0,0.0,0.0,0.3,0.3,0.0,0.0,0.0,0.0,0.0,0.0,0.3,0.3,0.0,0.0,0.3,0.3,0.0,0.0,0.3,0.3,0.0,0.0,0.0,0.0,0.0,0.0,0.0,0.0,0.3,0.3,0.0,0.0,0.0,0.0,0.3,0.3,0.3,0.3,0.3,0.3,0.0,0.0,0.3,0.3,0.0,0.0,0.3,0.3,0.0,0.0,0.3,0.3,0.0,0.0,0.3,0.3,0.0,0.0,0.3,0.3,0.3,0.3,0.3,0.3,0.0,0.0,0.0,0.0,0.3,0.3,0.0,0.0,0.3,0.3,0.0,0.0,0.0,0.0,0.3,0.3,0.0,0.0,0.0,0.0,0.0,0.0,0.0,0.0,0.0,0.0,0.0,0.0,0.0,0.0,0.0,0.0,0.3,0.3,0.0,0.0,0.0,0.0
0.0,0.0,0.0,0.0,0.0,0.0,0.0,0.0,1.2916666666666667,1.2916666666666667,1.2916666666666667,1.2916666666666667,2.3,2.3,2.3,2.3,0.0,0.0,0.0,0.0,0.0,0.0,0.0,0.0,3.5,3.5,3.5,0.0,0.0,0.0,0.3,0.3,0.0,0.0,0.3,0.3,0.0,0.0,0.0,0.0,0.0,0.0,0.0,0.0,0.0,0.3,0.3,0.0,0.0,0.0,0.0,0.0,0.0,1.2,1.2,0.0,0.0,2.1,2.1,0.0,0.0,3.1166666666666663,3.1166666666666663,0.0,0.0,0.0,0.0,0.0,0.0,0.0,0.0,2.1,2.1,0.0,0.0,0.0,0.0,2.5,2.5,1.9000000000000001,1.9000000000000001,3.3,3.3,0.0,0.0,2.522857142857143,2.522857142857143,0.0,0.0,1.2,1.2,0.0,0.0,0.3,0.3,0.0,0.0,2.3166666666666664,2.3166666666666664,0.0,0.0,1.951948051948052,1.951948051948052,0.3,0.3,1.2,1.2,0.0,0.0,0.0,0.0,0.3,0.3,0.0,0.0,0.3,0.3,0.0,0.0,0.0,0.0,1.5666666666666667,1.5666666666666667,0.0,0.0,0.0,0.0,0.0,0.0,0.0,0.0,0.0,0.0,0.0,0.0,0.0,0.0,0.0,0.0,3.5,3.5,0.0,0.0,0.0,0.0
0.0,0.0,0.0,0.0,0.0,0.0,0.0,0.0,1.4750000000000003,1.4750000000000003,1.4750000000000003,1.4750000000000003,1.9000000000000001,1.9000000000000001,1.9000000000000001,1.9000000000000001,0.0,0.0,0.0,0.0,0.0,0.0,0.0,0.0,3.7,3.7,3.7,0.0,0.0,0.0,1.7000000000000002,1.7000000000000002,0.0,0.0,1.7000000000000002,1.7000000000000002,0.0,0.0,0.0,0.0,0.0,0.0,0.0,0.0,0.0,1.7000000000000002,1.7000000000000002,0.0,0.0,0.0,0.0,0.0,0.0,2.3,2.3,0.0,0.0,3.5,3.5,0.0,0.0,3.2333333333333334,3.2333333333333334,0.0,0.0,0.0,0.0,0.0,0.0,0.0,0.0,3.3,3.3,0.0,0.0,0.0,0.0,7.300000000000001,7.300000000000001,3.9,3.9,3.7666666666666666,3.7666666666666666,0.0,0.0,6.902857142857143,6.902857142857143,0.0,0.0,2.6,2.6,0.0,0.0,1.7000000000000002,1.7000000000000002,0.0,0.0,2.5,2.5,0.0,0.0,2.2168831168831167,2.2168831168831167,0.3,0.3,1.9000000000000001,1.9000000000000001,0.0,0.0,0.0,0.0,0.3,0.3,0.0,0.0,0.3,0.3,0.0,0.0,0.0,0.0,0.8333333333333333,0.8333333333333333,0.0,0.0,0.0,0.0,0.0,0.0,0.0,0.0,0.0,0.0,0.0,0.0,0.0,0.0,0.0,0.0,2.7,2.7,0.0,0.0,0.0,0.0
0.0,0.0,0.0,0.0,0.0,0.0,0.0,0.0,0.3,0.3,0.3,0.3,0.3,0.3,0.3,0.3,0.0,0.0,0.0,0.0,0.0,0.0,0.0,0.0,0.3,0.3,0.3,0.0,0.0,0.0,0.3,0.3,0.0,0.0,0.3,0.3,0.0,0.0,0.0,0.0,0.0,0.0,0.0,0.0,0.0,0.3,0.3,0.0,0.0,0.0,0.0,0.0,0.0,0.3,0.3,0.0,0.0,0.3,0.3,0.0,0.0,0.3,0.3,0.0,0.0,0.0,0.0,0.0,0.0,0.0,0.0,0.3,0.3,0.0,0.0,0.0,0.0,0.3,0.3,0.3,0.3,0.3,0.3,0.0,0.0,0.3,0.3,0.0,0.0,0.3,0.3,0.0,0.0,0.3,0.3,0.0,0.0,0.3,0.3,0.0,0.0,0.3,0.3,0.3,0.3,0.3,0.3,0.0,0.0,0.0,0.0,0.3,0.3,0.0,0.0,0.3,0.3,0.0,0.0,0.0,0.0,0.3,0.3,0.0,0.0,0.0,0.0,0.0,0.0,0.0,0.0,0.0,0.0,0.0,0.0,0.0,0.0,0.0,0.0,0.3,0.3,0.0,0.0,0.0,0.0
0.0,0.0,0.0,0.0,0.0,0.0,0.0,0.0,0.75,0.75,0.75,0.75,2.3,2.3,2.3,2.3,0.0,0.0,0.0,0.0,0.0,0.0,0.0,0.0,0.9000000000000001,0.9000000000000001,0.9000000000000001,0.0,0.0,0.0,2.1,2.1,0.0,0.0,2.1,2.1,0.0,0.0,0.0,0.0,0.0,0.0,0.0,0.0,0.0,2.1,2.1,0.0,0.0,0.0,0.0,0.0,0.0,0.3,0.3,0.0,0.0,2.1,2.1,0.0,0.0,0.9000000000000001,0.9000000000000001,0.0,0.0,0.0,0.0,0.0,0.0,0.0,0.0,2.1,2.1,0.0,0.0,0.0,0.0,1.2,1.2,0.3,0.3,0.9666666666666668,0.9666666666666668,0.0,0.0,1.02,1.02,0.0,0.0,2.1,2.1,0.0,0.0,0.3,0.3,0.0,0.0,0.3,0.3,0.0,0.0,0.912987012987013,0.912987012987013,0.3,0.3,1.2,1.2,0.0,0.0,0.0,0.0,0.3,0.3,0.0,0.0,0.3,0.3,0.0,0.0,0.0,0.0,0.9666666666666668,0.9666666666666668,0.0,0.0,0.0,0.0,0.0,0.0,0.0,0.0,0.0,0.0,0.0,0.0,0.0,0.0,0.0,0.0,0.3,0.3,0.0,0.0,0.0,0.0
0.0,0.0,0.0,0.0,0.0,0.0,0.0,0.0,0.9333333333333333,0.9333333333333333,0.9333333333333333,0.9333333333333333,1.7000000000000002,1.7000000000000002,1.7000000000000002,1.7000000000000002,0.0,0.0,0.0,0.0,0.0,0.0,0.0,0.0,2.166666666666667,2.166666666666667,2.166666666666667,0.0,0.0,0.0,0.3,0.3,0.0,0.0,0.3,0.3,0.0,0.0,0.0,0.0,0.0,0.0,0.0,0.0,0.0,0.3,0.3,0.0,0.0,0.0,0.0,0.0,0.0,1.9000000000000001,1.9000000000000001,0.0,0.0,0.3,0.3,0.0,0.0,2.1,2.1,0.0,0.0,0.0,0.0,0.0,0.0,0.0,0.0,2.3,2.3,0.0,0.0,0.0,0.0,2.3,2.3,2.3,2.3,2.1,2.1,0.0,0.0,1.6714285714285715,1.6714285714285715,0.0,0.0,1.2,1.2,0.0,0.0,0.3,0.3,0.0,0.0,0.9666666666666668,0.9666666666666668,0.0,0.0,1.3285714285714287,1.3285714285714287,0.3,0.3,0.3,0.3,0.0,0.0,0.0,0.0,0.3,0.3,0.0,0.0,0.3,0.3,0.0,0.0,0.0,0.0,0.7666666666666667,0.7666666666666667,0.0,0.0,0.0,0.0,0.0,0.0,0.0,0.0,0.0,0.0,0.0,0.0,0.0,0.0,0.0,0.0,1.1,1.1,0.0,0.0,0.0,0.0
0.0,0.0,0.0,0.0,0.0,0.0,0.0,0.0,0.475,0.475,0.475,0.475,0.3,0.3,0.3,0.3,0.0,0.0,0.0,0.0,0.0,0.0,0.0,0.0,1.7000000000000002,1.7000000000000002,1.7000000000000002,0.0,0.0,0.0,0.3,0.3,0.0,0.0,0.3,0.3,0.0,0.0,0.0,0.0,0.0,0.0,0.0,0.0,0.0,0.3,0.3,0.0,0.0,0.0,0.0,0.0,0.0,0.3,0.3,0.0,0.0,0.3,0.3,0.0,0.0,1.1666666666666667,1.1666666666666667,0.0,0.0,0.0,0.0,0.0,0.0,0.0,0.0,1.7000000000000002,1.7000000000000002,0.0,0.0,0.0,0.0,1.7000000000000002,1.7000000000000002,0.3,0.3,0.3,0.3,0.0,0.0,0.8599999999999999,0.8599999999999999,0.0,0.0,0.3,0.3,0.0,0.0,0.3,0.3,0.0,0.0,0.65,0.65,0.0,0.0,0.8636363636363638,0.8636363636363638,0.3,0.3,0.3,0.3,0.0,0.0,0.0,0.0,0.3,0.3,0.0,0.0,0.3,0.3,0.0,0.0,0.0,0.0,0.3,0.3,0.0,0.0,0.0,0.0,0.0,0.0,0.0,0.0,0.0,0.0,0.0,0.0,0.0,0.0,0.0,0.0,0.3,0.3,0.0,0.0,0.0,0.0
0.0,0.0,0.0,0.0,0.0,0.0,0.0,0.0,1.5333333333333334,1.5333333333333334,1.5333333333333334,1.5333333333333334,3.5,3.5,3.5,3.5,0.0,0.0,0.0,0.0,0.0,0.0,0.0,0.0,3.7666666666666666,3.7666666666666666,3.7666666666666666,0.0,0.0,0.0,1.7000000000000002,1.7000000000000002,0.0,0.0,1.7000000000000002,1.7000000000000002,0.0,0.0,0.0,0.0,0.0,0.0,0.0,0.0,0.0,1.7000000000000002,1.7000000000000002,0.0,0.0,0.0,0.0,0.0,0.0,1.7000000000000002,1.7000000000000002,0.0,0.0,2.1,2.1,0.0,0.0,2.6666666666666665,2.6666666666666665,0.0,0.0,0.0,0.0,0.0,0.0,0.0,0.0,4.1,4.1,0.0,0.0,0.0,0.0,3.8,3.8,2.0,2.0,3.7,3.7,0.0,0.0,3.031428571428571,3.031428571428571,0.0,0.0,1.7000000000000002,1.7000000000000002,0.0,0.0,0.3,0.3,0.0,0.0,0.6000000000000001,0.6000000000000001,0.0,0.0,2.3155844155844156,2.3155844155844156,0.3,0.3,1.9000000000000001,1.9000000000000001,0.0,0.0,0.0,0.0,0.3,0.3,0.0,0.0,0.3,0.3,0.0,0.0,0.0,0.0,2.5666666666666664,2.5666666666666664,0.0,0.0,0.0,0.0,0.0,0.0,0.0,0.0,0.0,0.0,0.0,0.0,0.0,0.0,0.0,0.0,2.5,2.5,0.0,0.0,0.0,0.0
